id,seed,DeltaRandom,DDecrease,D_t,B,LT,LS,LF,LL,delta,lobjval,lz1,lz2,fobjval,tot_runtime,gapf,best_it,himprov,solved
IR_B3000_D1000_F3_L4_T_5_seed_0,0,False,False,1000,3000,5,3,3,4,0.7,2182.72,0.0,2182.72,54943.0,3.88,0.0,10,0.0,True
IR_B3000_D1000_F3_L4_T_5_seed_1,1,False,False,1000,3000,5,3,3,4,0.7,4118.69,2257.41,1861.28,62954.0,5.62,0.0,14,0.21,True
IR_B3000_D1000_F3_L4_T_5_seed_2,2,False,False,1000,3000,5,3,3,4,0.7,9208.41,7172.96,2035.45,66607.34,3.14,0.0,13,0.0,True
IR_B3000_D1000_F3_L4_T_5_seed_3,3,False,False,1000,3000,5,3,3,4,0.7,1578.04,0.0,1578.04,64789.0,4.03,0.0,10,0.0,True
IR_B3000_D1000_F3_L4_T_5_seed_4,4,False,False,1000,3000,5,3,3,4,0.7,2014.79,0.0,2014.79,63402.0,2.09,0.0,9,0.0,True
IR_B5000_D1666_F3_L4_T_5_seed_0,0,False,False,1666,5000,5,3,3,4,0.7,14744.52,9794.0,4950.52,91411.0,7.34,0.0,18,0.0,True
IR_B5000_D1666_F3_L4_T_5_seed_1,1,False,False,1666,5000,5,3,3,4,0.7,11923.34,7683.55,4239.79,104949.0,5.98,0.0,17,0.12,True
IR_B5000_D1666_F3_L4_T_5_seed_2,2,False,False,1666,5000,5,3,3,4,0.7,3958.32,80.43,3877.88,111887.12,0.78,0.0,3,17.22,True
IR_B5000_D1666_F3_L4_T_5_seed_3,3,False,False,1666,5000,5,3,3,4,0.7,3001.26,0.0,3001.26,107947.0,5.56,0.0,22,0.0,True
IR_B5000_D1666_F3_L4_T_5_seed_4,4,False,False,1666,5000,5,3,3,4,0.7,1954.92,0.0,1954.92,105634.0,0.42,0.0,3,0.0,True
IR_B7000_D2333_F3_L4_T_5_seed_0,0,False,False,2333,7000,5,3,3,4,0.7,3063.11,0.0,3063.11,128185.0,2.62,0.0,12,0.0,True
IR_B7000_D2333_F3_L4_T_5_seed_1,1,False,False,2333,7000,5,3,3,4,0.7,5130.24,0.0,5130.24,146935.0,5.05,0.0,11,0.66,True
IR_B7000_D2333_F3_L4_T_5_seed_2,2,False,False,2333,7000,5,3,3,4,0.7,6310.56,1183.92,5126.64,156565.01,4.65,0.0,18,0.0,True
IR_B7000_D2333_F3_L4_T_5_seed_3,3,False,False,2333,7000,5,3,3,4,0.7,3948.54,0.0,3948.54,151166.0,5.76,0.0,28,0.0,True
IR_B7000_D2333_F3_L4_T_5_seed_4,4,False,False,2333,7000,5,3,3,4,0.7,4731.57,0.0,4731.57,147890.0,4.69,0.0,27,0.0,True
IR_B10000_D3333_F3_L4_T_5_seed_0,0,False,False,3333,10000,5,3,3,4,0.7,26986.4,19529.0,7457.4,182835.0,2.21,0.0,7,0.0,True
IR_B10000_D3333_F3_L4_T_5_seed_1,1,False,False,3333,10000,5,3,3,4,0.7,29539.4,20814.31,8725.1,209902.0,3.53,0.0,13,0.16,True
IR_B10000_D3333_F3_L4_T_5_seed_2,2,False,False,3333,10000,5,3,3,4,0.7,12023.42,3619.36,8404.06,223558.45,4.84,0.0,16,0.0,True
IR_B10000_D3333_F3_L4_T_5_seed_3,3,False,False,3333,10000,5,3,3,4,0.7,6606.06,0.0,6606.06,215912.0,0.89,0.0,7,0.0,True
IR_B10000_D3333_F3_L4_T_5_seed_4,4,False,False,3333,10000,5,3,3,4,0.7,4491.22,0.0,4491.22,211302.0,1.46,0.0,9,0.0,True
IR_B3000_D1000_F3_L8_T_5_seed_0,0,False,False,1000,3000,5,3,3,8,0.7,1900.63,0.0,1900.63,62802.0,8.59,0.0,16,0.21,True
IR_B3000_D1000_F3_L8_T_5_seed_1,1,False,False,1000,3000,5,3,3,8,0.7,19104.8,16602.47,2502.33,54513.0,0.14,0.0,2,14.84,True
IR_B3000_D1000_F3_L8_T_5_seed_2,2,False,False,1000,3000,5,3,3,8,0.7,6176.87,3924.27,2252.61,61804.66,3.33,0.0,7,0.0,True
IR_B3000_D1000_F3_L8_T_5_seed_3,3,False,False,1000,3000,5,3,3,8,0.7,1416.8,0.0,1416.8,49441.0,4.09,0.0,5,0.0,True
IR_B3000_D1000_F3_L8_T_5_seed_4,4,False,False,1000,3000,5,3,3,8,0.7,1739.08,0.0,1739.08,57110.0,20.51,0.0,29,0.0,True
IR_B5000_D1666_F3_L8_T_5_seed_0,0,False,False,1666,5000,5,3,3,8,0.7,3656.15,0.0,3656.15,104673.0,13.82,0.0,24,0.0,True
IR_B5000_D1666_F3_L8_T_5_seed_1,1,False,False,1666,5000,5,3,3,8,0.7,2917.01,0.0,2917.01,91103.0,3.06,0.0,5,23.15,True
IR_B5000_D1666_F3_L8_T_5_seed_2,2,False,False,1666,5000,5,3,3,8,0.7,10444.91,5632.39,4812.52,103034.39,9.59,0.0,17,0.16,True
IR_B5000_D1666_F3_L8_T_5_seed_3,3,False,False,1666,5000,5,3,3,8,0.7,1585.17,0.0,1585.17,82416.0,7.99,0.0,14,0.0,True
IR_B5000_D1666_F3_L8_T_5_seed_4,4,False,False,1666,5000,5,3,3,8,0.7,6287.21,0.0,6287.21,95170.0,9.36,0.0,14,0.0,True
IR_B7000_D2333_F3_L8_T_5_seed_0,0,False,False,2333,7000,5,3,3,8,0.7,5580.22,0.0,5580.22,146546.0,2.74,0.0,7,0.0,True
IR_B7000_D2333_F3_L8_T_5_seed_1,1,False,False,2333,7000,5,3,3,8,0.7,4920.51,0.0,4920.51,127557.0,4.73,0.0,8,15.03,True
IR_B7000_D2333_F3_L8_T_5_seed_2,2,False,False,2333,7000,5,3,3,8,0.7,36889.8,30171.8,6718.0,143921.6,18.12,0.0,22,0.0,True
IR_B7000_D2333_F3_L8_T_5_seed_3,3,False,False,2333,7000,5,3,3,8,0.7,3065.96,0.0,3065.96,115383.0,15.27,0.0,28,0.0,True
IR_B7000_D2333_F3_L8_T_5_seed_4,4,False,False,2333,7000,5,3,3,8,0.7,4095.72,0.0,4095.72,133260.0,7.49,0.0,15,0.0,True
IR_B10000_D3333_F3_L8_T_5_seed_0,0,False,False,3333,10000,5,3,3,8,0.7,5781.79,0.0,5781.79,209347.0,20.39,0.0,26,0.0,True
IR_B10000_D3333_F3_L8_T_5_seed_1,1,False,False,3333,10000,5,3,3,8,0.7,6714.39,0.0,6714.39,182245.0,9.97,0.0,25,16.32,True
IR_B10000_D3333_F3_L8_T_5_seed_2,2,False,False,3333,10000,5,3,3,8,0.7,7790.75,0.0,7790.75,206924.0,5.31,0.0,11,0.0,True
IR_B10000_D3333_F3_L8_T_5_seed_3,3,False,False,3333,10000,5,3,3,8,0.7,2900.14,0.0,2900.14,164851.0,2.6,0.0,4,0.0,True
IR_B10000_D3333_F3_L8_T_5_seed_4,4,False,False,3333,10000,5,3,3,8,0.7,7953.3,0.0,7953.3,190363.0,20.82,0.0,29,0.0,True
IR_B3000_D1000_F3_L12_T_5_seed_0,0,False,False,1000,3000,5,3,3,12,0.7,2748.94,853.87,1895.07,67547.06,12.94,0.0,2,27.03,True
IR_B3000_D1000_F3_L12_T_5_seed_1,1,False,False,1000,3000,5,3,3,12,0.7,6081.82,3838.16,2243.67,57515.43,56.31,0.0,28,33.28,True
IR_B3000_D1000_F3_L12_T_5_seed_2,2,False,False,1000,3000,5,3,3,12,0.7,4649.23,2190.82,2458.42,70569.37,32.77,0.0,24,13.62,True
IR_B3000_D1000_F3_L12_T_5_seed_3,3,False,False,1000,3000,5,3,3,12,0.7,2606.59,0.0,2606.59,61996.0,24.9,0.0,22,0.02,True
IR_B3000_D1000_F3_L12_T_5_seed_4,4,False,False,1000,3000,5,3,3,12,0.7,14046.91,12452.82,1594.09,59462.89,23.59,0.0,18,0.0,True
IR_B5000_D1666_F3_L12_T_5_seed_0,0,False,False,1666,5000,5,3,3,12,0.7,4798.77,1816.85,2981.92,112579.13,276.93,0.0,24,27.19,True
IR_B5000_D1666_F3_L12_T_5_seed_1,1,False,False,1666,5000,5,3,3,12,0.7,51480.39,48894.0,2586.39,94944.0,57.19,0.0,26,35.84,True
IR_B5000_D1666_F3_L12_T_5_seed_2,2,False,False,1666,5000,5,3,3,12,0.7,122322.53,119000.93,3321.6,97813.0,21.46,0.0,13,13.7,True
IR_B5000_D1666_F3_L12_T_5_seed_3,3,False,False,1666,5000,5,3,3,12,0.7,3915.03,0.0,3915.03,103293.0,15.25,0.0,9,6.92,True
IR_B5000_D1666_F3_L12_T_5_seed_4,4,False,False,1666,5000,5,3,3,12,0.7,50973.44,47429.34,3544.1,96786.47,13.19,0.0,7,0.0,True
IR_B7000_D2333_F3_L12_T_5_seed_0,0,False,False,2333,7000,5,3,3,12,0.7,48591.67,43589.43,5002.24,155253.63,291.72,0.0,24,25.86,True
IR_B7000_D2333_F3_L12_T_5_seed_1,1,False,False,2333,7000,5,3,3,12,0.7,91885.56,86055.0,5830.56,128166.0,28.86,0.0,6,7.99,True
IR_B7000_D2333_F3_L12_T_5_seed_2,2,False,False,2333,7000,5,3,3,12,0.7,67332.85,61107.32,6225.53,152175.48,6.24,0.0,8,14.4,True
IR_B7000_D2333_F3_L12_T_5_seed_3,3,False,False,2333,7000,5,3,3,12,0.7,13029.33,9324.0,3705.33,144642.0,38.74,0.0,28,0.01,True
IR_B7000_D2333_F3_L12_T_5_seed_4,4,False,False,2333,7000,5,3,3,12,0.7,4182.23,0.0,4182.23,142903.0,4.02,0.0,3,0.0,True
IR_B10000_D3333_F3_L12_T_5_seed_0,0,False,False,3333,10000,5,3,3,12,0.7,243062.05,234213.88,8848.17,212934.36,77.99,0.0,8,25.48,True
IR_B10000_D3333_F3_L12_T_5_seed_1,1,False,False,3333,10000,5,3,3,12,0.7,123939.56,114640.93,9298.63,185335.08,0.0,0.0,1,23.63,True
IR_B10000_D3333_F3_L12_T_5_seed_2,2,False,False,3333,10000,5,3,3,12,0.7,258137.09,251044.91,7092.18,194371.28,0.0,0.0,1,14.44,True
IR_B10000_D3333_F3_L12_T_5_seed_3,3,False,False,3333,10000,5,3,3,12,0.7,5367.7,0.0,5367.7,206640.0,11.6,0.0,4,7.37,True
IR_B10000_D3333_F3_L12_T_5_seed_4,4,False,False,3333,10000,5,3,3,12,0.7,5238.97,0.0,5238.97,204161.0,29.84,0.0,17,0.0,True
IR_B3000_D1000_F3_L4_T_10_seed_0,0,False,False,1000,3000,10,3,3,4,0.7,1018.04,0.0,1018.04,115196.0,20.73,0.0,23,0.0,True
IR_B3000_D1000_F3_L4_T_10_seed_1,1,False,False,1000,3000,10,3,3,4,0.7,974.66,0.0,974.66,129229.0,7.66,0.0,6,0.0,True
IR_B3000_D1000_F3_L4_T_10_seed_2,2,False,False,1000,3000,10,3,3,4,0.7,1699.03,305.97,1393.06,117687.89,3.89,0.0,3,0.0,True
IR_B3000_D1000_F3_L4_T_10_seed_3,3,False,False,1000,3000,10,3,3,4,0.7,1380.71,0.0,1380.71,130719.0,22.73,0.0,29,0.0,True
IR_B3000_D1000_F3_L4_T_10_seed_4,4,False,False,1000,3000,10,3,3,4,0.7,1009.35,0.0,1009.35,127434.0,11.17,0.0,17,0.0,True
IR_B5000_D1666_F3_L4_T_10_seed_0,0,False,False,1666,5000,10,3,3,4,0.7,2291.22,0.0,2291.22,191977.0,0.0,0.0,1,0.0,True
IR_B5000_D1666_F3_L4_T_10_seed_1,1,False,False,1666,5000,10,3,3,4,0.7,1890.06,0.0,1890.06,215431.0,11.29,0.0,10,0.04,True
IR_B5000_D1666_F3_L4_T_10_seed_2,2,False,False,1666,5000,10,3,3,4,0.7,31506.03,28839.88,2666.15,194891.0,13.36,0.0,9,0.0,True
IR_B5000_D1666_F3_L4_T_10_seed_3,3,False,False,1666,5000,10,3,3,4,0.7,2076.48,0.0,2076.48,217876.0,17.75,0.0,17,0.0,True
IR_B5000_D1666_F3_L4_T_10_seed_4,4,False,False,1666,5000,10,3,3,4,0.7,2029.23,0.0,2029.23,212314.0,3.24,0.0,7,0.0,True
IR_B7000_D2333_F3_L4_T_10_seed_0,0,False,False,2333,7000,10,3,3,4,0.7,2133.12,0.0,2133.12,268737.0,23.06,0.0,25,0.0,True
IR_B7000_D2333_F3_L4_T_10_seed_1,1,False,False,2333,7000,10,3,3,4,0.7,4447.49,0.0,4447.49,301591.0,31.9,0.0,29,0.04,True
IR_B7000_D2333_F3_L4_T_10_seed_2,2,False,False,2333,7000,10,3,3,4,0.7,12444.69,8365.31,4079.38,274236.49,15.36,0.0,13,0.0,True
IR_B7000_D2333_F3_L4_T_10_seed_3,3,False,False,2333,7000,10,3,3,4,0.7,2236.45,0.0,2236.45,305012.0,0.43,0.0,3,0.0,True
IR_B7000_D2333_F3_L4_T_10_seed_4,4,False,False,2333,7000,10,3,3,4,0.7,2683.12,0.0,2683.12,297277.0,12.56,0.0,19,0.0,True
IR_B10000_D3333_F3_L4_T_10_seed_0,0,False,False,3333,10000,10,3,3,4,0.7,3931.48,0.0,3931.48,383965.0,27.69,0.0,28,0.0,True
IR_B10000_D3333_F3_L4_T_10_seed_1,1,False,False,3333,10000,10,3,3,4,0.7,4380.41,0.0,4380.41,430901.0,1.92,0.0,2,0.0,True
IR_B10000_D3333_F3_L4_T_10_seed_2,2,False,False,3333,10000,10,3,3,4,0.7,5545.44,938.01,4607.44,392313.8,23.36,0.0,17,0.0,True
IR_B10000_D3333_F3_L4_T_10_seed_3,3,False,False,3333,10000,10,3,3,4,0.7,3988.28,0.0,3988.28,435742.0,18.59,0.0,24,0.0,True
IR_B10000_D3333_F3_L4_T_10_seed_4,4,False,False,3333,10000,10,3,3,4,0.7,3960.15,0.0,3960.15,424714.0,1.12,0.0,3,0.0,True
IR_B3000_D1000_F3_L8_T_10_seed_0,0,False,False,1000,3000,10,3,3,8,0.7,8351.76,6442.11,1909.65,117769.41,130.82,0.0,22,5.51,True
IR_B3000_D1000_F3_L8_T_10_seed_1,1,False,False,1000,3000,10,3,3,8,0.7,839.51,0.0,839.51,116315.0,1.46,0.0,2,0.09,True
IR_B3000_D1000_F3_L8_T_10_seed_2,2,False,False,1000,3000,10,3,3,8,0.7,1189.25,0.0,1189.25,124225.0,32.13,0.0,17,0.0,True
IR_B3000_D1000_F3_L8_T_10_seed_3,3,False,False,1000,3000,10,3,3,8,0.7,558.45,0.0,558.45,108657.0,48.15,0.0,29,0.0,True
IR_B3000_D1000_F3_L8_T_10_seed_4,4,False,False,1000,3000,10,3,3,8,0.7,1761.31,0.0,1761.31,114863.0,4.03,0.0,3,0.0,True
IR_B5000_D1666_F3_L8_T_10_seed_0,0,False,False,1666,5000,10,3,3,8,0.7,2946.75,504.96,2441.8,196403.83,206.32,0.0,28,5.67,True
IR_B5000_D1666_F3_L8_T_10_seed_1,1,False,False,1666,5000,10,3,3,8,0.7,1488.63,0.0,1488.63,193910.0,10.23,0.0,8,0.99,True
IR_B5000_D1666_F3_L8_T_10_seed_2,2,False,False,1666,5000,10,3,3,8,0.7,2239.2,0.0,2239.2,207011.0,9.76,0.0,6,0.0,True
IR_B5000_D1666_F3_L8_T_10_seed_3,3,False,False,1666,5000,10,3,3,8,0.7,1534.35,0.0,1534.35,181120.0,33.6,0.0,18,0.0,True
IR_B5000_D1666_F3_L8_T_10_seed_4,4,False,False,1666,5000,10,3,3,8,0.7,1594.11,0.0,1594.11,191470.0,88.88,0.0,27,0.08,True
IR_B7000_D2333_F3_L8_T_10_seed_0,0,False,False,2333,7000,10,3,3,8,0.7,17539.97,14573.5,2966.47,274796.16,175.42,0.0,27,5.61,True
IR_B7000_D2333_F3_L8_T_10_seed_1,1,False,False,2333,7000,10,3,3,8,0.7,3504.96,0.0,3504.96,271486.0,43.29,0.0,28,0.52,True
IR_B7000_D2333_F3_L8_T_10_seed_2,2,False,False,2333,7000,10,3,3,8,0.7,2923.38,0.0,2923.38,289817.0,16.73,0.0,8,0.09,True
IR_B7000_D2333_F3_L8_T_10_seed_3,3,False,False,2333,7000,10,3,3,8,0.7,1849.86,0.0,1849.86,253576.0,0.0,0.0,1,0.0,True
IR_B7000_D2333_F3_L8_T_10_seed_4,4,False,False,2333,7000,10,3,3,8,0.7,1716.08,0.0,1716.08,268076.0,61.48,0.0,21,0.05,True
IR_B10000_D3333_F3_L8_T_10_seed_0,0,False,False,3333,10000,10,3,3,8,0.7,7969.68,1940.26,6029.42,392853.96,37.66,0.0,9,0.08,True
IR_B10000_D3333_F3_L8_T_10_seed_1,1,False,False,3333,10000,10,3,3,8,0.7,3154.22,0.0,3154.22,387878.0,7.45,0.0,4,0.16,True
IR_B10000_D3333_F3_L8_T_10_seed_2,2,False,False,3333,10000,10,3,3,8,0.7,3892.28,0.0,3892.28,414074.0,35.02,0.0,22,0.0,True
IR_B10000_D3333_F3_L8_T_10_seed_3,3,False,False,3333,10000,10,3,3,8,0.7,2700.56,0.0,2700.56,362290.0,50.64,0.0,26,0.0,True
IR_B10000_D3333_F3_L8_T_10_seed_4,4,False,False,3333,10000,10,3,3,8,0.7,3616.57,0.0,3616.57,382977.0,0.0,0.0,1,0.08,True
IR_B3000_D1000_F3_L12_T_10_seed_0,0,False,False,1000,3000,10,3,3,12,0.7,7755.54,6081.64,1673.9,136893.71,451.07,0.0,7,44.66,True
IR_B3000_D1000_F3_L12_T_10_seed_1,1,False,False,1000,3000,10,3,3,12,0.7,6939.86,4122.0,2817.86,117629.0,255.83,0.0,21,6.06,True
IR_B3000_D1000_F3_L12_T_10_seed_2,2,False,False,1000,3000,10,3,3,12,0.7,4134.49,2663.54,1470.96,143888.44,60.53,0.0,10,2.37,True
IR_B3000_D1000_F3_L12_T_10_seed_3,3,False,False,1000,3000,10,3,3,12,0.7,1536.14,0.0,1536.14,116434.0,6.03,0.0,2,1.62,True
IR_B3000_D1000_F3_L12_T_10_seed_4,4,False,False,1000,3000,10,3,3,12,0.7,2040.1,0.0,2040.1,119951.0,398.87,0.0,28,0.01,True
IR_B5000_D1666_F3_L12_T_10_seed_0,0,False,False,1666,5000,10,3,3,12,0.7,52602.23,50875.11,1727.12,225424.82,32.64,0.0,4,41.99,True
IR_B5000_D1666_F3_L12_T_10_seed_1,1,False,False,1666,5000,10,3,3,12,0.7,2865.56,0.0,2865.56,196840.0,104.5,0.0,12,1.33,True
IR_B5000_D1666_F3_L12_T_10_seed_2,2,False,False,1666,5000,10,3,3,12,0.7,5103.3,1397.37,3705.94,240300.36,109.98,0.0,14,3.73,True
IR_B5000_D1666_F3_L12_T_10_seed_3,3,False,False,1666,5000,10,3,3,12,0.7,1794.95,0.0,1794.95,194022.0,57.88,0.0,17,47.2,True
IR_B5000_D1666_F3_L12_T_10_seed_4,4,False,False,1666,5000,10,3,3,12,0.7,5198.96,2673.8,2525.16,199858.97,256.01,0.0,27,17.47,True
IR_B7000_D2333_F3_L12_T_10_seed_0,0,False,False,2333,7000,10,3,3,12,0.7,147952.33,142644.64,5307.7,309393.74,286.72,0.0,8,15.57,True
IR_B7000_D2333_F3_L12_T_10_seed_1,1,False,False,2333,7000,10,3,3,12,0.7,3192.21,0.0,3192.21,275525.0,71.34,0.0,4,7.4,True
IR_B7000_D2333_F3_L12_T_10_seed_2,2,False,False,2333,7000,10,3,3,12,0.7,12475.33,8610.81,3864.53,335400.4,49.1,0.0,8,3.68,True
IR_B7000_D2333_F3_L12_T_10_seed_3,3,False,False,2333,7000,10,3,3,12,0.7,2420.03,0.0,2420.03,271643.0,13.43,0.0,4,1.64,True
IR_B7000_D2333_F3_L12_T_10_seed_4,4,False,False,2333,7000,10,3,3,12,0.7,15809.35,13111.47,2697.89,278675.15,265.11,0.0,27,47.27,True
IR_B10000_D3333_F3_L12_T_10_seed_0,0,False,False,3333,10000,10,3,3,12,0.7,41017.85,37403.37,3614.48,455438.1,363.78,0.0,11,1.86,True
IR_B10000_D3333_F3_L12_T_10_seed_1,1,False,False,3333,10000,10,3,3,12,0.7,20036.9,13716.0,6320.9,392152.0,486.32,0.0,27,2.25,True
IR_B10000_D3333_F3_L12_T_10_seed_2,2,False,False,3333,10000,10,3,3,12,0.7,12673.07,5711.77,6961.3,480210.14,138.68,0.0,16,0.71,True
IR_B10000_D3333_F3_L12_T_10_seed_3,3,False,False,3333,10000,10,3,3,12,0.7,6471.03,0.0,6471.03,388105.0,49.09,0.0,11,1.64,True
IR_B10000_D3333_F3_L12_T_10_seed_4,4,False,False,3333,10000,10,3,3,12,0.7,7465.96,2750.1,4715.85,399841.14,132.36,0.0,17,22.02,True
IR_B3000_D1000_F3_L4_T_15_seed_0,0,False,False,1000,3000,15,3,3,4,0.7,682.13,0.0,682.13,173575.0,21.12,0.0,19,0.0,True
IR_B3000_D1000_F3_L4_T_15_seed_1,1,False,False,1000,3000,15,3,3,4,0.7,1493.26,0.0,1493.26,175900.0,20.58,0.0,13,0.0,True
IR_B3000_D1000_F3_L4_T_15_seed_2,2,False,False,1000,3000,15,3,3,4,0.7,1644.78,544.96,1099.82,186700.46,0.0,0.0,1,0.0,True
IR_B3000_D1000_F3_L4_T_15_seed_3,3,False,False,1000,3000,15,3,3,4,0.7,698.37,0.0,698.37,193522.0,42.75,0.0,26,20.52,True
IR_B3000_D1000_F3_L4_T_15_seed_4,4,False,False,1000,3000,15,3,3,4,0.7,1213.48,0.0,1213.48,185903.0,23.12,0.0,18,0.0,True
IR_B5000_D1666_F3_L4_T_15_seed_0,0,False,False,1666,5000,15,3,3,4,0.7,1215.05,0.0,1215.05,289322.0,30.98,0.0,19,0.0,True
IR_B5000_D1666_F3_L4_T_15_seed_1,1,False,False,1666,5000,15,3,3,4,0.7,1653.7,0.0,1653.7,293268.0,22.82,0.0,14,0.03,True
IR_B5000_D1666_F3_L4_T_15_seed_2,2,False,False,1666,5000,15,3,3,4,0.7,8879.55,5815.39,3064.15,310901.4,22.32,0.0,11,0.0,True
IR_B5000_D1666_F3_L4_T_15_seed_3,3,False,False,1666,5000,15,3,3,4,0.7,1464.7,0.0,1464.7,322542.0,26.62,0.0,19,22.6,True
IR_B5000_D1666_F3_L4_T_15_seed_4,4,False,False,1666,5000,15,3,3,4,0.7,1501.29,0.0,1501.29,309776.0,0.24,0.0,2,0.0,True
IR_B7000_D2333_F3_L4_T_15_seed_0,0,False,False,2333,7000,15,3,3,4,0.7,1692.55,0.0,1692.55,405016.0,31.25,0.0,22,0.0,True
IR_B7000_D2333_F3_L4_T_15_seed_1,1,False,False,2333,7000,15,3,3,4,0.7,3146.5,0.0,3146.5,410542.0,50.95,0.0,28,0.27,True
IR_B7000_D2333_F3_L4_T_15_seed_2,2,False,False,2333,7000,15,3,3,4,0.7,6749.75,1630.09,5119.66,435607.59,0.0,0.0,1,0.0,True
IR_B7000_D2333_F3_L4_T_15_seed_3,3,False,False,2333,7000,15,3,3,4,0.7,2564.4,0.0,2564.4,451554.0,26.85,0.0,17,15.92,True
IR_B7000_D2333_F3_L4_T_15_seed_4,4,False,False,2333,7000,15,3,3,4,0.7,2043.51,0.0,2043.51,433671.0,31.61,0.0,23,0.0,True
IR_B10000_D3333_F3_L4_T_15_seed_0,0,False,False,3333,10000,15,3,3,4,0.7,1576.2,0.0,1576.2,578692.0,26.68,0.0,21,0.0,True
IR_B10000_D3333_F3_L4_T_15_seed_1,1,False,False,3333,10000,15,3,3,4,0.7,6188.36,0.0,6188.36,586580.0,0.0,0.0,1,0.03,True
IR_B10000_D3333_F3_L4_T_15_seed_2,2,False,False,3333,10000,15,3,3,4,0.7,8942.15,2820.66,6121.49,622338.78,2.8,0.0,2,0.0,True
IR_B10000_D3333_F3_L4_T_15_seed_3,3,False,False,3333,10000,15,3,3,4,0.7,5735.3,0.0,5735.3,645098.0,48.34,0.0,28,34.09,True
IR_B10000_D3333_F3_L4_T_15_seed_4,4,False,False,3333,10000,15,3,3,4,0.7,4776.39,0.0,4776.39,619628.0,27.71,0.0,22,0.0,True
IR_B3000_D1000_F3_L8_T_15_seed_0,0,False,False,1000,3000,15,3,3,8,0.7,1252.87,0.0,1252.87,175637.0,135.58,0.0,26,0.03,True
IR_B3000_D1000_F3_L8_T_15_seed_1,1,False,False,1000,3000,15,3,3,8,0.7,1294.68,0.0,1294.68,171439.0,54.74,0.0,19,0.0,True
IR_B3000_D1000_F3_L8_T_15_seed_2,2,False,False,1000,3000,15,3,3,8,0.7,1173.41,0.0,1173.41,196251.0,36.14,0.0,13,4.94,True
IR_B3000_D1000_F3_L8_T_15_seed_3,3,False,False,1000,3000,15,3,3,8,0.7,1141.99,0.0,1141.99,160848.0,75.01,0.0,17,0.0,True
IR_B3000_D1000_F3_L8_T_15_seed_4,4,False,False,1000,3000,15,3,3,8,0.7,1205.44,0.0,1205.44,187837.0,6.24,0.0,2,0.0,True
IR_B5000_D1666_F3_L8_T_15_seed_0,0,False,False,1666,5000,15,3,3,8,0.7,2256.8,0.0,2256.8,292739.0,108.31,0.0,23,0.03,True
IR_B5000_D1666_F3_L8_T_15_seed_1,1,False,False,1666,5000,15,3,3,8,0.7,1111.23,0.0,1111.23,285730.0,66.93,0.0,19,0.0,True
IR_B5000_D1666_F3_L8_T_15_seed_2,2,False,False,1666,5000,15,3,3,8,0.7,1687.14,0.0,1687.14,327051.0,54.09,0.0,17,0.36,True
IR_B5000_D1666_F3_L8_T_15_seed_3,3,False,False,1666,5000,15,3,3,8,0.7,1395.92,0.0,1395.92,268092.0,97.51,0.0,29,0.0,True
IR_B5000_D1666_F3_L8_T_15_seed_4,4,False,False,1666,5000,15,3,3,8,0.7,1747.69,0.0,1747.69,313078.0,59.4,0.0,10,0.06,True
IR_B7000_D2333_F3_L8_T_15_seed_0,0,False,False,2333,7000,15,3,3,8,0.7,1694.15,0.0,1694.15,409860.0,27.81,0.0,6,0.03,True
IR_B7000_D2333_F3_L8_T_15_seed_1,1,False,False,2333,7000,15,3,3,8,0.7,2664.02,0.0,2664.02,400045.0,90.71,0.0,27,0.0,True
IR_B7000_D2333_F3_L8_T_15_seed_2,2,False,False,2333,7000,15,3,3,8,0.7,2681.29,0.0,2681.29,457865.0,5.11,0.0,2,0.02,True
IR_B7000_D2333_F3_L8_T_15_seed_3,3,False,False,2333,7000,15,3,3,8,0.7,4734.54,0.0,4734.54,375328.0,90.62,0.0,23,0.0,True
IR_B7000_D2333_F3_L8_T_15_seed_4,4,False,False,2333,7000,15,3,3,8,0.7,2482.56,0.0,2482.56,438346.0,152.34,0.0,29,0.0,True
IR_B10000_D3333_F3_L8_T_15_seed_0,0,False,False,3333,10000,15,3,3,8,0.7,3124.26,0.0,3124.26,585554.0,103.07,0.0,25,0.03,True
IR_B10000_D3333_F3_L8_T_15_seed_1,1,False,False,3333,10000,15,3,3,8,0.7,1994.28,0.0,1994.28,571541.0,52.38,0.0,23,0.0,True
IR_B10000_D3333_F3_L8_T_15_seed_2,2,False,False,3333,10000,15,3,3,8,0.7,2904.84,0.0,2904.84,654161.0,78.11,0.0,24,0.24,True
IR_B10000_D3333_F3_L8_T_15_seed_3,3,False,False,3333,10000,15,3,3,8,0.7,4221.41,0.0,4221.41,536244.0,74.13,0.0,16,0.0,True
IR_B10000_D3333_F3_L8_T_15_seed_4,4,False,False,3333,10000,15,3,3,8,0.7,1968.91,0.0,1968.91,626229.0,24.52,0.0,4,0.0,True
IR_B3000_D1000_F3_L12_T_15_seed_0,0,False,False,1000,3000,15,3,3,12,0.7,116070.19,114633.97,1436.22,196090.56,328.03,0.0,4,0.01,True
IR_B3000_D1000_F3_L12_T_15_seed_1,1,False,False,1000,3000,15,3,3,12,0.7,100298.97,98474.07,1824.9,190093.72,472.03,0.0,6,9.22,True
IR_B3000_D1000_F3_L12_T_15_seed_2,2,False,False,1000,3000,15,3,3,12,0.7,2693.14,1469.05,1224.09,209015.55,331.22,0.0,21,22.76,True
IR_B3000_D1000_F3_L12_T_15_seed_3,3,False,False,1000,3000,15,3,3,12,0.7,653.27,0.0,653.27,175029.0,34.84,0.0,3,55.44,True
IR_B3000_D1000_F3_L12_T_15_seed_4,4,False,False,1000,3000,15,3,3,12,0.7,2112.36,0.0,2112.36,172367.0,273.72,0.0,7,0.05,True
IR_B5000_D1666_F3_L12_T_15_seed_0,0,False,False,1666,5000,15,3,3,12,0.7,58828.7,55769.17,3059.53,333520.78,192.09,0.0,2,0.04,True
IR_B5000_D1666_F3_L12_T_15_seed_1,1,False,False,1666,5000,15,3,3,12,0.7,2088.99,0.0,2088.99,328434.0,342.75,0.0,4,11.59,True
IR_B5000_D1666_F3_L12_T_15_seed_2,2,False,False,1666,5000,15,3,3,12,0.7,2134.19,0.0,2134.19,349193.0,390.42,0.0,25,0.66,True
IR_B5000_D1666_F3_L12_T_15_seed_3,3,False,False,1666,5000,15,3,3,12,0.7,2811.21,0.0,2811.21,291674.0,247.34,0.0,26,56.32,True
IR_B5000_D1666_F3_L12_T_15_seed_4,4,False,False,1666,5000,15,3,3,12,0.7,48495.93,47128.44,1367.49,284108.86,212.28,0.0,6,0.05,True
IR_B7000_D2333_F3_L12_T_15_seed_0,0,False,False,2333,7000,15,3,3,12,0.7,52702.15,46151.41,6550.74,468646.98,492.52,0.0,4,0.01,True
IR_B7000_D2333_F3_L12_T_15_seed_1,1,False,False,2333,7000,15,3,3,12,0.7,17998.91,13980.43,4018.48,458174.0,455.55,0.0,7,0.02,True
IR_B7000_D2333_F3_L12_T_15_seed_2,2,False,False,2333,7000,15,3,3,12,0.7,3547.69,0.0,3547.69,488914.0,164.36,0.0,7,14.73,True
IR_B7000_D2333_F3_L12_T_15_seed_3,3,False,False,2333,7000,15,3,3,12,0.7,1985.64,0.0,1985.64,408368.0,47.7,0.0,10,45.44,True
IR_B7000_D2333_F3_L12_T_15_seed_4,4,False,False,2333,7000,15,3,3,12,0.7,5223.67,0.0,5223.67,402198.0,0.0,0.0,1,0.05,True
IR_B10000_D3333_F3_L12_T_15_seed_0,0,False,False,3333,10000,15,3,3,12,0.7,44288.07,39874.88,4413.19,670891.32,0.0,0.0,1,0.03,True
IR_B10000_D3333_F3_L12_T_15_seed_1,1,False,False,3333,10000,15,3,3,12,0.7,75659.92,68898.82,6761.1,647240.0,238.83,0.0,6,11.34,True
IR_B10000_D3333_F3_L12_T_15_seed_2,2,False,False,3333,10000,15,3,3,12,0.7,14003.52,8467.07,5536.45,696128.42,0.0,0.0,1,7.08,True
IR_B10000_D3333_F3_L12_T_15_seed_3,3,False,False,3333,10000,15,3,3,12,0.7,2729.36,0.0,2729.36,583435.0,133.71,0.0,10,50.02,True
IR_B10000_D3333_F3_L12_T_15_seed_4,4,False,False,3333,10000,15,3,3,12,0.7,178752.34,173945.57,4806.77,569848.86,323.31,0.0,8,0.05,True
IR_B3000_D500_F6_L4_T_5_seed_0,0,False,False,500,3000,5,6,6,4,0.7,27902.05,25841.63,2060.43,31063.94,7.67,0.0,7,0.28,True
IR_B3000_D500_F6_L4_T_5_seed_1,1,False,False,500,3000,5,6,6,4,0.7,40575.52,37925.76,2649.77,31868.31,22.08,0.0,27,6.47,True
IR_B3000_D500_F6_L4_T_5_seed_2,2,False,False,500,3000,5,6,6,4,0.7,24322.26,22408.96,1913.3,32068.17,0.54,0.0,4,10.18,True
IR_B3000_D500_F6_L4_T_5_seed_3,3,False,False,500,3000,5,6,6,4,0.7,9109.16,7423.9,1685.26,30027.07,23.54,0.0,25,28.48,True
IR_B3000_D500_F6_L4_T_5_seed_4,4,False,False,500,3000,5,6,6,4,0.7,2259.1,0.0,2259.1,29571.0,0.56,0.0,2,26.44,True
IR_B5000_D833_F6_L4_T_5_seed_0,0,False,False,833,5000,5,6,6,4,0.7,11456.53,7311.89,4144.64,51056.04,38.87,0.0,28,28.62,True
IR_B5000_D833_F6_L4_T_5_seed_1,1,False,False,833,5000,5,6,6,4,0.7,43000.17,38972.72,4027.45,52432.62,6.41,0.0,13,0.0,True
IR_B5000_D833_F6_L4_T_5_seed_2,2,False,False,833,5000,5,6,6,4,0.7,36906.15,33757.95,3148.2,53042.91,12.26,0.0,14,0.63,True
IR_B5000_D833_F6_L4_T_5_seed_3,3,False,False,833,5000,5,6,6,4,0.7,2390.18,0.0,2390.18,46392.0,26.15,0.0,23,4.56,True
IR_B5000_D833_F6_L4_T_5_seed_4,4,False,False,833,5000,5,6,6,4,0.7,3642.14,0.0,3642.14,47555.0,16.31,0.0,16,26.18,True
IR_B7000_D1166_F6_L4_T_5_seed_0,0,False,False,1166,7000,5,6,6,4,0.7,57686.48,52916.64,4769.84,73165.89,37.67,0.0,29,0.37,True
IR_B7000_D1166_F6_L4_T_5_seed_1,1,False,False,1166,7000,5,6,6,4,0.7,106160.03,101718.16,4441.87,71754.96,7.4,0.0,20,11.52,True
IR_B7000_D1166_F6_L4_T_5_seed_2,2,False,False,1166,7000,5,6,6,4,0.7,48652.65,41139.56,7513.08,74755.35,1.86,0.0,3,0.0,True
IR_B7000_D1166_F6_L4_T_5_seed_3,3,False,False,1166,7000,5,6,6,4,0.7,14650.19,9765.84,4884.35,71339.43,18.46,0.0,23,28.48,True
IR_B7000_D1166_F6_L4_T_5_seed_4,4,False,False,1166,7000,5,6,6,4,0.7,3964.34,0.0,3964.34,66570.0,6.33,0.0,9,21.36,True
IR_B10000_D1666_F6_L4_T_5_seed_0,0,False,False,1666,10000,5,6,6,4,0.7,92822.39,87024.69,5797.7,102589.61,20.51,0.0,23,3.15,True
IR_B10000_D1666_F6_L4_T_5_seed_1,1,False,False,1666,10000,5,6,6,4,0.7,145405.85,138761.89,6643.96,102867.1,14.06,0.0,25,0.0,True
IR_B10000_D1666_F6_L4_T_5_seed_2,2,False,False,1666,10000,5,6,6,4,0.7,66201.35,58422.18,7779.17,107745.42,16.01,0.0,20,27.81,True
IR_B10000_D1666_F6_L4_T_5_seed_3,3,False,False,1666,10000,5,6,6,4,0.7,6122.08,0.0,6122.08,92736.0,19.34,0.0,17,5.93,True
IR_B10000_D1666_F6_L4_T_5_seed_4,4,False,False,1666,10000,5,6,6,4,0.7,41308.99,34357.02,6951.96,94643.51,6.2,0.0,7,31.76,True
IR_B3000_D500_F6_L8_T_5_seed_0,0,False,False,500,3000,5,6,6,8,0.7,34544.8,32025.35,2519.45,32079.41,150.33,0.0,13,13.76,True
IR_B3000_D500_F6_L8_T_5_seed_1,1,False,False,500,3000,5,6,6,8,0.7,10288.41,8499.39,1789.02,30481.2,135.36,0.0,15,17.81,True
IR_B3000_D500_F6_L8_T_5_seed_2,2,False,False,500,3000,5,6,6,8,0.7,32828.18,31177.98,1650.2,26450.16,47.86,0.0,13,9.54,True
IR_B3000_D500_F6_L8_T_5_seed_3,3,False,False,500,3000,5,6,6,8,0.7,29307.09,27363.57,1943.52,23559.84,46.46,0.0,3,10.86,True
IR_B3000_D500_F6_L8_T_5_seed_4,4,False,False,500,3000,5,6,6,8,0.7,18521.55,15933.93,2587.63,31119.79,24.64,0.0,4,21.86,True
IR_B5000_D833_F6_L8_T_5_seed_0,0,False,False,833,5000,5,6,6,8,0.7,15517.43,12004.05,3513.38,55198.18,237.51,0.0,11,10.66,True
IR_B5000_D833_F6_L8_T_5_seed_1,1,False,False,833,5000,5,6,6,8,0.7,29661.71,24902.56,4759.15,49878.69,45.15,0.0,7,5.65,True
IR_B5000_D833_F6_L8_T_5_seed_2,2,False,False,833,5000,5,6,6,8,0.7,26210.79,23578.5,2632.28,46359.92,119.9,0.0,10,14.8,True
IR_B5000_D833_F6_L8_T_5_seed_3,3,False,False,833,5000,5,6,6,8,0.7,11136.51,7225.58,3910.92,45567.51,66.37,0.0,4,18.47,True
IR_B5000_D833_F6_L8_T_5_seed_4,4,False,False,833,5000,5,6,6,8,0.7,26631.26,23456.57,3174.69,53423.18,337.77,0.0,25,32.07,True
IR_B7000_D1166_F6_L8_T_5_seed_0,0,False,False,1166,7000,5,6,6,8,0.7,36585.05,29899.94,6685.11,76508.0,441.42,0.0,17,21.18,True
IR_B7000_D1166_F6_L8_T_5_seed_1,1,False,False,1166,7000,5,6,6,8,0.7,8854.56,3762.29,5092.27,72657.94,25.64,0.0,6,1.62,True
IR_B7000_D1166_F6_L8_T_5_seed_2,2,False,False,1166,7000,5,6,6,8,0.7,40310.99,35119.17,5191.82,62876.59,131.86,0.0,17,12.72,True
IR_B7000_D1166_F6_L8_T_5_seed_3,3,False,False,1166,7000,5,6,6,8,0.7,41479.53,36807.21,4672.32,56271.4,316.05,0.0,9,11.29,True
IR_B7000_D1166_F6_L8_T_5_seed_4,4,False,False,1166,7000,5,6,6,8,0.7,69256.75,64573.09,4683.66,71310.08,52.02,0.0,7,11.93,True
IR_B10000_D1666_F6_L8_T_5_seed_0,0,False,False,1666,10000,5,6,6,8,0.7,30630.22,22645.14,7985.09,111275.6,68.68,0.0,15,18.35,True
IR_B10000_D1666_F6_L8_T_5_seed_1,1,False,False,1666,10000,5,6,6,8,0.7,140730.02,135330.82,5399.2,93161.84,74.24,0.0,15,0.0,True
IR_B10000_D1666_F6_L8_T_5_seed_2,2,False,False,1666,10000,5,6,6,8,0.7,48786.53,42192.51,6594.02,90831.99,84.09,0.0,13,37.14,True
IR_B10000_D1666_F6_L8_T_5_seed_3,3,False,False,1666,10000,5,6,6,8,0.7,114352.47,109068.5,5283.97,78532.75,595.14,0.0,9,6.7,True
IR_B10000_D1666_F6_L8_T_5_seed_4,4,False,False,1666,10000,5,6,6,8,0.7,118757.88,114277.88,4480.0,100310.7,310.46,0.0,19,6.23,True
IR_B3000_D500_F6_L12_T_5_seed_0,0,False,False,500,3000,5,6,6,12,0.7,42312.34,40382.56,1929.78,26970.56,42.51,0.0,3,12.88,True
IR_B3000_D500_F6_L12_T_5_seed_1,1,False,False,500,3000,5,6,6,12,0.7,11875.9,9595.19,2280.72,28123.74,454.1,0.0,4,14.73,True
IR_B3000_D500_F6_L12_T_5_seed_2,2,False,False,500,3000,5,6,6,12,0.7,25293.19,22523.18,2770.01,29308.14,214.61,0.0,10,4.27,True
IR_B3000_D500_F6_L12_T_5_seed_3,3,False,False,500,3000,5,6,6,12,0.7,42893.01,41371.44,1521.57,26272.92,350.14,0.0,5,7.25,True
IR_B3000_D500_F6_L12_T_5_seed_4,4,False,False,500,3000,5,6,6,12,0.7,45120.96,42251.87,2869.09,23661.24,105.46,0.0,9,6.28,True
IR_B5000_D833_F6_L12_T_5_seed_0,0,False,False,833,5000,5,6,6,12,0.7,7020.88,3294.53,3726.35,49059.22,240.01,0.0,5,5.11,True
IR_B5000_D833_F6_L12_T_5_seed_1,1,False,False,833,5000,5,6,6,12,0.7,59158.48,55203.23,3955.25,43981.88,224.37,0.0,3,20.57,True
IR_B5000_D833_F6_L12_T_5_seed_2,2,False,False,833,5000,5,6,6,12,0.7,89415.64,86239.97,3175.67,46009.32,332.71,0.0,3,9.08,True
IR_B5000_D833_F6_L12_T_5_seed_3,3,False,False,833,5000,5,6,6,12,0.7,21941.71,18457.93,3483.78,46613.91,344.37,0.0,10,1.92,True
IR_B5000_D833_F6_L12_T_5_seed_4,4,False,False,833,5000,5,6,6,12,0.7,54404.08,50515.18,3888.89,40806.5,162.19,0.0,4,11.41,True
IR_B7000_D1166_F6_L12_T_5_seed_0,0,False,False,1166,7000,5,6,6,12,0.7,105962.54,101473.47,4489.07,62038.92,0.0,0.01,1,9.71,True
IR_B7000_D1166_F6_L12_T_5_seed_1,1,False,False,1166,7000,5,6,6,12,0.7,227038.56,222967.17,4071.39,55975.61,404.85,0.03,5,21.26,True
IR_B7000_D1166_F6_L12_T_5_seed_2,2,False,False,1166,7000,5,6,6,12,0.7,67872.87,61497.18,6375.69,67639.74,582.44,0.0,11,2.68,True
IR_B7000_D1166_F6_L12_T_5_seed_3,3,False,False,1166,7000,5,6,6,12,0.7,115114.69,110578.78,4535.9,59818.36,311.35,0.0,8,0.66,True
IR_B7000_D1166_F6_L12_T_5_seed_4,4,False,False,1166,7000,5,6,6,12,0.7,83574.3,79326.94,4247.36,59356.61,246.17,0.0,5,1.23,True
IR_B10000_D1666_F6_L12_T_5_seed_0,0,False,False,1666,10000,5,6,6,12,0.7,136057.68,131884.11,4173.56,95619.39,361.38,0.0,8,10.82,True
IR_B10000_D1666_F6_L12_T_5_seed_1,1,False,False,1666,10000,5,6,6,12,0.7,192497.11,188728.88,3768.24,84716.95,321.76,0.0,2,20.04,True
IR_B10000_D1666_F6_L12_T_5_seed_2,2,False,False,1666,10000,5,6,6,12,0.7,85118.78,77057.25,8061.52,97510.12,0.0,0.0,1,0.94,True
IR_B10000_D1666_F6_L12_T_5_seed_3,3,False,False,1666,10000,5,6,6,12,0.7,123553.98,117854.32,5699.65,93186.24,57.54,0.0,3,12.18,True
IR_B10000_D1666_F6_L12_T_5_seed_4,4,False,False,1666,10000,5,6,6,12,0.7,108921.89,101407.29,7514.6,81456.18,1.17,0.0,3,19.07,True
IR_B3000_D500_F6_L4_T_10_seed_0,0,False,False,500,3000,10,6,6,4,0.7,7955.8,6267.12,1688.68,58468.13,160.8,0.0,26,0.0,True
IR_B3000_D500_F6_L4_T_10_seed_1,1,False,False,500,3000,10,6,6,4,0.7,5641.9,3412.07,2229.83,63642.71,136.06,0.0,22,4.9,True
IR_B3000_D500_F6_L4_T_10_seed_2,2,False,False,500,3000,10,6,6,4,0.7,2627.25,856.12,1771.13,66151.92,74.34,0.0,28,16.83,True
IR_B3000_D500_F6_L4_T_10_seed_3,3,False,False,500,3000,10,6,6,4,0.7,1962.76,0.0,1962.76,60466.0,47.06,0.0,11,9.79,True
IR_B3000_D500_F6_L4_T_10_seed_4,4,False,False,500,3000,10,6,6,4,0.7,4119.62,2490.79,1628.83,58963.37,76.39,0.0,14,11.07,True
IR_B5000_D833_F6_L4_T_10_seed_0,0,False,False,833,5000,10,6,6,4,0.7,6007.14,2218.83,3788.31,97716.15,21.96,0.0,4,0.07,True
IR_B5000_D833_F6_L4_T_10_seed_1,1,False,False,833,5000,10,6,6,4,0.7,4371.42,890.08,3481.34,106376.54,56.85,0.0,9,13.64,True
IR_B5000_D833_F6_L4_T_10_seed_2,2,False,False,833,5000,10,6,6,4,0.7,42120.97,39799.96,2321.02,109335.85,19.52,0.0,10,1.52,True
IR_B5000_D833_F6_L4_T_10_seed_3,3,False,False,833,5000,10,6,6,4,0.7,4153.93,0.0,4153.93,100773.0,56.99,0.0,17,6.4,True
IR_B5000_D833_F6_L4_T_10_seed_4,4,False,False,833,5000,10,6,6,4,0.7,6730.87,2854.5,3876.36,96457.09,27.25,0.0,5,3.38,True
IR_B7000_D1166_F6_L4_T_10_seed_0,0,False,False,1166,7000,10,6,6,4,0.7,16705.34,12913.76,3791.59,136472.64,136.09,0.0,23,0.0,True
IR_B7000_D1166_F6_L4_T_10_seed_1,1,False,False,1166,7000,10,6,6,4,0.7,9339.57,4453.52,4886.05,148696.47,39.77,0.0,6,6.72,True
IR_B7000_D1166_F6_L4_T_10_seed_2,2,False,False,1166,7000,10,6,6,4,0.7,4336.43,204.16,4132.27,154469.67,36.48,0.0,16,1.32,True
IR_B7000_D1166_F6_L4_T_10_seed_3,3,False,False,1166,7000,10,6,6,4,0.7,3242.72,0.0,3242.72,141089.0,49.2,0.0,17,14.3,True
IR_B7000_D1166_F6_L4_T_10_seed_4,4,False,False,1166,7000,10,6,6,4,0.7,16133.22,11038.2,5095.02,134637.69,82.03,0.0,19,30.62,True
IR_B10000_D1666_F6_L4_T_10_seed_0,0,False,False,1666,10000,10,6,6,4,0.7,27336.12,20470.49,6865.63,194877.43,169.89,0.0,29,0.02,True
IR_B10000_D1666_F6_L4_T_10_seed_1,1,False,False,1666,10000,10,6,6,4,0.7,14017.98,7302.44,6715.54,212120.55,137.08,0.0,29,3.05,True
IR_B10000_D1666_F6_L4_T_10_seed_2,2,False,False,1666,10000,10,6,6,4,0.7,20948.62,14549.33,6399.29,220296.99,0.0,0.0,1,3.7,True
IR_B10000_D1666_F6_L4_T_10_seed_3,3,False,False,1666,10000,10,6,6,4,0.7,32268.82,26218.31,6050.51,200694.11,0.0,0.0,1,24.05,True
IR_B10000_D1666_F6_L4_T_10_seed_4,4,False,False,1666,10000,10,6,6,4,0.7,11651.66,5940.0,5711.66,193198.0,125.31,0.0,17,24.17,True
IR_B3000_D500_F6_L8_T_10_seed_0,0,False,False,500,3000,10,6,6,8,0.7,125482.69,124252.49,1230.19,59184.09,473.39,0.0,3,12.42,True
IR_B3000_D500_F6_L8_T_10_seed_1,1,False,False,500,3000,10,6,6,8,0.7,7798.4,6634.56,1163.85,67659.42,7.81,0.0,2,4.57,True
IR_B3000_D500_F6_L8_T_10_seed_2,2,False,False,500,3000,10,6,6,8,0.7,86341.65,84343.51,1998.15,51867.27,397.34,0.0,5,20.4,True
IR_B3000_D500_F6_L8_T_10_seed_3,3,False,False,500,3000,10,6,6,8,0.7,77517.67,74785.43,2732.24,50838.2,575.55,0.0,3,16.31,True
IR_B3000_D500_F6_L8_T_10_seed_4,4,False,False,500,3000,10,6,6,8,0.7,59748.88,58400.32,1348.55,56293.01,310.73,0.0,2,14.46,True
IR_B5000_D833_F6_L8_T_10_seed_0,0,False,False,833,5000,10,6,6,8,0.7,14174.57,12153.22,2021.35,105777.63,123.86,0.0,5,7.22,True
IR_B5000_D833_F6_L8_T_10_seed_1,1,False,False,833,5000,10,6,6,8,0.7,40173.99,37946.5,2227.49,101623.03,71.3,0.0,2,3.84,True
IR_B5000_D833_F6_L8_T_10_seed_2,2,False,False,833,5000,10,6,6,8,0.7,16763.32,14316.67,2446.65,91766.55,538.37,0.0,4,20.55,True
IR_B5000_D833_F6_L8_T_10_seed_3,3,False,False,833,5000,10,6,6,8,0.7,116793.07,114257.58,2535.49,84607.35,0.0,0.04,1,1.48,True
IR_B5000_D833_F6_L8_T_10_seed_4,4,False,False,833,5000,10,6,6,8,0.7,132727.05,129142.8,3584.25,91493.42,405.44,0.08,2,8.47,True
IR_B7000_D1166_F6_L8_T_10_seed_0,0,False,False,1166,7000,10,6,6,8,0.7,139773.66,135314.65,4459.01,143733.88,0.0,0.0,1,6.88,True
IR_B7000_D1166_F6_L8_T_10_seed_1,1,False,False,1166,7000,10,6,6,8,0.7,20081.1,17125.56,2955.54,157902.04,241.03,0.0,4,3.99,True
IR_B7000_D1166_F6_L8_T_10_seed_2,2,False,False,1166,7000,10,6,6,8,0.7,32131.9,27977.51,4154.39,128095.43,0.0,0.0,1,21.01,True
IR_B7000_D1166_F6_L8_T_10_seed_3,3,False,False,1166,7000,10,6,6,8,0.7,31954.44,27936.82,4017.62,125000.26,0.0,0.0,1,19.81,True
IR_B7000_D1166_F6_L8_T_10_seed_4,4,False,False,1166,7000,10,6,6,8,0.7,49268.16,44114.09,5154.07,133041.47,0.0,0.0,1,3.68,True
IR_B10000_D1666_F6_L8_T_10_seed_0,0,False,False,1666,10000,10,6,6,8,0.7,154454.61,150269.54,4185.07,207882.15,48.78,0.0,2,18.62,True
IR_B10000_D1666_F6_L8_T_10_seed_1,1,False,False,1666,10000,10,6,6,8,0.7,53133.98,47857.52,5276.46,205767.68,440.08,0.0,6,2.79,True
IR_B10000_D1666_F6_L8_T_10_seed_2,2,False,False,1666,10000,10,6,6,8,0.7,123435.84,115915.6,7520.24,180795.04,522.84,0.0,3,21.0,True
IR_B10000_D1666_F6_L8_T_10_seed_3,3,False,False,1666,10000,10,6,6,8,0.7,153441.98,150627.08,2814.89,171072.24,536.17,0.0,3,8.93,True
IR_B10000_D1666_F6_L8_T_10_seed_4,4,False,False,1666,10000,10,6,6,8,0.7,367818.15,360109.5,7708.65,180152.86,266.62,0.09,2,11.04,True
IR_B3000_D500_F6_L12_T_10_seed_0,0,False,False,500,3000,10,6,6,12,0.7,41906.27,40081.66,1824.6,54686.53,0.0,0.2,1,22.85,True
IR_B3000_D500_F6_L12_T_10_seed_1,1,False,False,500,3000,10,6,6,12,0.7,130386.64,129507.71,878.93,48508.56,0.0,0.01,1,8.22,True
IR_B3000_D500_F6_L12_T_10_seed_2,2,False,False,500,3000,10,6,6,12,0.7,65299.93,63796.83,1503.1,54697.94,473.48,0.0,5,2.86,True
IR_B3000_D500_F6_L12_T_10_seed_3,3,False,False,500,3000,10,6,6,12,0.7,2334.99,558.0,1776.99,53454.0,0.0,0.0,1,0.0,True
IR_B3000_D500_F6_L12_T_10_seed_4,4,False,False,500,3000,10,6,6,12,0.7,5296.39,3888.3,1408.1,54581.3,174.12,0.0,2,13.33,True
IR_B5000_D833_F6_L12_T_10_seed_0,0,False,False,833,5000,10,6,6,12,0.7,185215.73,182489.75,2725.98,87625.19,0.0,0.21,1,21.3,True
IR_B5000_D833_F6_L12_T_10_seed_1,1,False,False,833,5000,10,6,6,12,0.7,24395.39,21503.74,2891.65,93615.32,0.0,0.05,1,3.64,True
IR_B5000_D833_F6_L12_T_10_seed_2,2,False,False,833,5000,10,6,6,12,0.7,112768.46,109742.4,3026.06,90218.0,554.3,0.03,4,6.41,True
IR_B5000_D833_F6_L12_T_10_seed_3,3,False,False,833,5000,10,6,6,12,0.7,190700.11,187805.05,2895.07,81536.19,0.0,0.25,1,12.96,True
IR_B5000_D833_F6_L12_T_10_seed_4,4,False,False,833,5000,10,6,6,12,0.7,37433.37,35553.49,1879.88,91183.45,0.0,0.0,1,5.0,True
IR_B7000_D1166_F6_L12_T_10_seed_0,0,False,False,1166,7000,10,6,6,12,0.7,102609.16,98796.26,3812.89,129597.73,0.0,0.08,1,0.0,True
IR_B7000_D1166_F6_L12_T_10_seed_1,1,False,False,1166,7000,10,6,6,12,0.7,203573.43,200254.95,3318.48,118772.98,406.78,0.24,2,8.65,True
IR_B7000_D1166_F6_L12_T_10_seed_2,2,False,False,1166,7000,10,6,6,12,0.7,113470.41,106829.59,6640.82,128915.0,0.0,0.0,1,4.46,True
IR_B7000_D1166_F6_L12_T_10_seed_3,3,False,False,1166,7000,10,6,6,12,0.7,247605.15,241583.45,6021.69,115378.66,59.36,0.18,2,4.73,True
IR_B7000_D1166_F6_L12_T_10_seed_4,4,False,False,1166,7000,10,6,6,12,0.7,207185.76,204040.77,3144.98,121988.43,0.0,0.25,1,11.46,True
IR_B10000_D1666_F6_L12_T_10_seed_0,0,False,False,1666,10000,10,6,6,12,0.7,10339.29,4345.77,5993.51,187535.11,406.71,0.0,2,20.42,True
IR_B10000_D1666_F6_L12_T_10_seed_1,1,False,False,1666,10000,10,6,6,12,0.7,279255.5,273775.99,5479.51,170282.45,406.7,0.06,2,9.44,True
IR_B10000_D1666_F6_L12_T_10_seed_2,2,False,False,1666,10000,10,6,6,12,0.7,88771.58,84325.35,4446.23,191011.98,406.57,0.0,2,4.11,True
IR_B10000_D1666_F6_L12_T_10_seed_3,3,False,False,1666,10000,10,6,6,12,0.7,360725.83,356421.29,4304.54,164615.39,3.41,0.28,3,11.3,True
IR_B10000_D1666_F6_L12_T_10_seed_4,4,False,False,1666,10000,10,6,6,12,0.7,168707.56,164563.02,4144.54,175606.0,0.0,0.0,1,15.76,True
IR_B3000_D500_F6_L4_T_15_seed_0,0,False,False,500,3000,15,6,6,4,0.7,4088.22,2139.2,1949.02,87643.54,230.53,0.0,19,12.05,True
IR_B3000_D500_F6_L4_T_15_seed_1,1,False,False,500,3000,15,6,6,4,0.7,1405.19,5.07,1400.12,100404.62,76.05,0.0,7,1.71,True
IR_B3000_D500_F6_L4_T_15_seed_2,2,False,False,500,3000,15,6,6,4,0.7,1753.41,323.97,1429.44,100328.87,89.81,0.0,11,0.12,True
IR_B3000_D500_F6_L4_T_15_seed_3,3,False,False,500,3000,15,6,6,4,0.7,6725.11,5123.57,1601.54,88864.0,226.62,0.0,16,30.66,True
IR_B3000_D500_F6_L4_T_15_seed_4,4,False,False,500,3000,15,6,6,4,0.7,3108.02,1337.25,1770.78,86291.12,145.63,0.0,22,10.4,True
IR_B5000_D833_F6_L4_T_15_seed_0,0,False,False,833,5000,15,6,6,4,0.7,14740.37,12002.89,2737.48,145603.5,0.0,0.0,1,55.52,True
IR_B5000_D833_F6_L4_T_15_seed_1,1,False,False,833,5000,15,6,6,4,0.7,11091.58,7915.03,3176.55,166732.83,134.36,0.0,16,1.73,True
IR_B5000_D833_F6_L4_T_15_seed_2,2,False,False,833,5000,15,6,6,4,0.7,3756.06,1371.42,2384.65,167081.4,22.46,0.0,3,0.0,True
IR_B5000_D833_F6_L4_T_15_seed_3,3,False,False,833,5000,15,6,6,4,0.7,2992.93,751.76,2241.17,147474.55,74.14,0.0,5,42.24,True
IR_B5000_D833_F6_L4_T_15_seed_4,4,False,False,833,5000,15,6,6,4,0.7,3538.1,486.22,3051.88,143940.23,204.9,0.0,26,13.44,True
IR_B7000_D1166_F6_L4_T_15_seed_0,0,False,False,1166,7000,15,6,6,4,0.7,19676.6,15802.43,3874.17,203874.37,260.05,0.0,20,52.94,True
IR_B7000_D1166_F6_L4_T_15_seed_1,1,False,False,1166,7000,15,6,6,4,0.7,13116.33,9346.04,3770.28,233585.5,183.43,0.0,16,6.99,True
IR_B7000_D1166_F6_L4_T_15_seed_2,2,False,False,1166,7000,15,6,6,4,0.7,5048.45,486.33,4562.12,234065.78,54.39,0.0,12,14.12,True
IR_B7000_D1166_F6_L4_T_15_seed_3,3,False,False,1166,7000,15,6,6,4,0.7,8229.49,4234.17,3995.32,206397.0,0.0,0.0,1,39.37,True
IR_B7000_D1166_F6_L4_T_15_seed_4,4,False,False,1166,7000,15,6,6,4,0.7,8164.81,3799.51,4365.3,201383.87,85.41,0.0,13,22.56,True
IR_B10000_D1666_F6_L4_T_15_seed_0,0,False,False,1666,10000,15,6,6,4,0.7,19063.17,11273.52,7789.65,291730.46,223.49,0.0,21,53.0,True
IR_B10000_D1666_F6_L4_T_15_seed_1,1,False,False,1666,10000,15,6,6,4,0.7,23539.97,18810.5,4729.47,332924.44,305.85,0.0,25,15.36,True
IR_B10000_D1666_F6_L4_T_15_seed_2,2,False,False,1666,10000,15,6,6,4,0.7,20071.67,13696.12,6375.55,332979.47,180.7,0.0,20,13.46,True
IR_B10000_D1666_F6_L4_T_15_seed_3,3,False,False,1666,10000,15,6,6,4,0.7,14533.66,11115.0,3418.66,294781.0,440.44,0.0,27,8.72,True
IR_B10000_D1666_F6_L4_T_15_seed_4,4,False,False,1666,10000,15,6,6,4,0.7,21829.99,17172.2,4657.79,287307.85,151.34,0.0,24,12.55,True
IR_B3000_D500_F6_L8_T_15_seed_0,0,False,False,500,3000,15,6,6,8,0.7,99574.54,98083.06,1491.48,89423.83,480.69,0.0,3,33.69,True
IR_B3000_D500_F6_L8_T_15_seed_1,1,False,False,500,3000,15,6,6,8,0.7,66845.6,65017.13,1828.47,89088.29,470.93,0.0,4,13.05,True
IR_B3000_D500_F6_L8_T_15_seed_2,2,False,False,500,3000,15,6,6,8,0.7,133099.42,131245.13,1854.29,79292.29,531.0,0.0,3,11.51,True
IR_B3000_D500_F6_L8_T_15_seed_3,3,False,False,500,3000,15,6,6,8,0.7,4384.7,2346.5,2038.2,84295.43,382.75,0.0,2,17.46,True
IR_B3000_D500_F6_L8_T_15_seed_4,4,False,False,500,3000,15,6,6,8,0.7,7799.46,5913.41,1886.05,91799.69,358.77,0.0,2,9.15,True
IR_B5000_D833_F6_L8_T_15_seed_0,0,False,False,833,5000,15,6,6,8,0.7,11972.45,7900.89,4071.56,153739.38,514.79,0.0,3,14.48,True
IR_B5000_D833_F6_L8_T_15_seed_1,1,False,False,833,5000,15,6,6,8,0.7,3528.32,196.46,3331.86,154993.99,0.0,0.0,1,12.83,True
IR_B5000_D833_F6_L8_T_15_seed_2,2,False,False,833,5000,15,6,6,8,0.7,406990.71,403938.26,3052.45,127196.55,0.0,0.07,1,10.22,True
IR_B5000_D833_F6_L8_T_15_seed_3,3,False,False,833,5000,15,6,6,8,0.7,81009.56,78585.46,2424.1,134723.11,0.0,0.0,1,6.34,True
IR_B5000_D833_F6_L8_T_15_seed_4,4,False,False,833,5000,15,6,6,8,0.7,207576.52,204721.18,2855.34,137926.63,390.2,0.03,2,0.02,True
IR_B7000_D1166_F6_L8_T_15_seed_0,0,False,False,1166,7000,15,6,6,8,0.7,4764.37,698.55,4065.82,215885.65,474.89,0.0,5,10.13,True
IR_B7000_D1166_F6_L8_T_15_seed_1,1,False,False,1166,7000,15,6,6,8,0.7,598870.73,597144.27,1726.46,195318.77,0.0,0.18,1,13.3,True
IR_B7000_D1166_F6_L8_T_15_seed_2,2,False,False,1166,7000,15,6,6,8,0.7,29139.31,24218.21,4921.11,196721.26,327.42,0.0,3,10.61,True
IR_B7000_D1166_F6_L8_T_15_seed_3,3,False,False,1166,7000,15,6,6,8,0.7,33563.62,29366.17,4197.46,195629.78,576.39,0.0,3,14.28,True
IR_B7000_D1166_F6_L8_T_15_seed_4,4,False,False,1166,7000,15,6,6,8,0.7,63164.93,59961.07,3203.86,205739.75,0.0,0.0,1,7.51,True
IR_B10000_D1666_F6_L8_T_15_seed_0,0,False,False,1666,10000,15,6,6,8,0.7,228559.76,222902.61,5657.15,303224.3,0.0,0.0,1,37.9,True
IR_B10000_D1666_F6_L8_T_15_seed_1,1,False,False,1666,10000,15,6,6,8,0.7,61289.09,56847.8,4441.3,304618.06,0.0,0.0,1,11.27,True
IR_B10000_D1666_F6_L8_T_15_seed_2,2,False,False,1666,10000,15,6,6,8,0.7,152852.79,148879.42,3973.36,274939.76,2.49,0.0,2,10.64,True
IR_B10000_D1666_F6_L8_T_15_seed_3,3,False,False,1666,10000,15,6,6,8,0.7,444479.87,440610.15,3869.72,261128.43,189.18,0.0,2,6.63,True
IR_B10000_D1666_F6_L8_T_15_seed_4,4,False,False,1666,10000,15,6,6,8,0.7,26243.87,22442.86,3801.01,303697.08,446.21,0.0,3,6.02,True
IR_B3000_D500_F6_L12_T_15_seed_0,0,False,False,500,3000,15,6,6,12,0.7,38894.42,37295.19,1599.23,90123.82,409.91,0.0,2,9.25,True
IR_B3000_D500_F6_L12_T_15_seed_1,1,False,False,500,3000,15,6,6,12,0.7,14504.06,12909.25,1594.82,85372.59,494.53,0.0,3,1.8,True
IR_B3000_D500_F6_L12_T_15_seed_2,2,False,False,500,3000,15,6,6,12,0.7,44142.48,42287.77,1854.71,81330.14,428.53,0.0,4,1.02,True
IR_B3000_D500_F6_L12_T_15_seed_3,3,False,False,500,3000,15,6,6,12,0.7,109466.27,107729.07,1737.2,74145.06,410.0,0.1,2,27.59,True
IR_B3000_D500_F6_L12_T_15_seed_4,4,False,False,500,3000,15,6,6,12,0.7,83923.23,82851.53,1071.71,76456.04,384.63,0.0,2,14.4,True
IR_B5000_D833_F6_L12_T_15_seed_0,0,False,False,833,5000,15,6,6,12,0.7,61228.25,57562.26,3665.99,149249.94,307.69,0.22,2,12.38,True
IR_B5000_D833_F6_L12_T_15_seed_1,1,False,False,833,5000,15,6,6,12,0.7,98121.79,95426.48,2695.31,134551.48,409.71,0.23,2,6.33,True
IR_B5000_D833_F6_L12_T_15_seed_2,2,False,False,833,5000,15,6,6,12,0.7,9688.0,6492.36,3195.64,143532.62,385.1,0.0,2,2.38,True
IR_B5000_D833_F6_L12_T_15_seed_3,3,False,False,833,5000,15,6,6,12,0.7,3611.47,482.38,3129.09,130904.17,544.98,0.0,4,25.91,True
IR_B5000_D833_F6_L12_T_15_seed_4,4,False,False,833,5000,15,6,6,12,0.7,28845.81,25594.92,3250.89,133263.71,0.0,0.25,1,20.68,True
IR_B7000_D1166_F6_L12_T_15_seed_0,0,False,False,1166,7000,15,6,6,12,0.7,20453.47,16342.52,4110.95,212991.33,535.76,0.02,3,9.63,True
IR_B7000_D1166_F6_L12_T_15_seed_1,1,False,False,1166,7000,15,6,6,12,0.7,62886.71,60111.54,2775.17,205687.68,409.78,0.0,2,0.87,True
IR_B7000_D1166_F6_L12_T_15_seed_2,2,False,False,1166,7000,15,6,6,12,0.7,74638.99,68292.34,6346.65,191436.31,410.01,0.0,2,3.44,True
IR_B7000_D1166_F6_L12_T_15_seed_3,3,False,False,1166,7000,15,6,6,12,0.7,21967.85,18769.91,3197.95,182583.74,210.68,0.0,3,26.63,True
IR_B7000_D1166_F6_L12_T_15_seed_4,4,False,False,1166,7000,15,6,6,12,0.7,49037.01,45827.59,3209.42,185972.17,295.52,0.27,2,0.02,True
IR_B10000_D1666_F6_L12_T_15_seed_0,0,False,False,1666,10000,15,6,6,12,0.7,954742.85,948241.77,6501.08,271184.59,409.66,0.14,2,4.2,True
IR_B10000_D1666_F6_L12_T_15_seed_1,1,False,False,1666,10000,15,6,6,12,0.7,198166.7,195264.64,2902.06,270713.6,307.62,0.24,2,2.26,True
IR_B10000_D1666_F6_L12_T_15_seed_2,2,False,False,1666,10000,15,6,6,12,0.7,302834.2,299226.93,3607.27,263684.31,514.42,0.03,3,25.78,True
IR_B10000_D1666_F6_L12_T_15_seed_3,3,False,False,1666,10000,15,6,6,12,0.7,506965.3,498549.55,8415.74,247596.08,0.0,0.04,1,19.61,True
IR_B10000_D1666_F6_L12_T_15_seed_4,4,False,False,1666,10000,15,6,6,12,0.7,43556.3,37716.36,5839.94,264441.76,0.0,0.0,1,1.46,True
IR_B3000_D333_F9_L4_T_5_seed_0,0,False,False,333,3000,5,9,9,4,0.7,2437.4,539.2,1898.21,19086.71,37.59,0.0,18,28.79,True
IR_B3000_D333_F9_L4_T_5_seed_1,1,False,False,333,3000,5,9,9,4,0.7,9025.21,6759.97,2265.24,20526.76,61.06,0.0,24,41.95,True
IR_B3000_D333_F9_L4_T_5_seed_2,2,False,False,333,3000,5,9,9,4,0.7,30950.68,28610.11,2340.57,20057.66,23.76,0.0,16,0.05,True
IR_B3000_D333_F9_L4_T_5_seed_3,3,False,False,333,3000,5,9,9,4,0.7,6281.55,4172.63,2108.92,20831.79,29.24,0.0,27,39.27,True
IR_B3000_D333_F9_L4_T_5_seed_4,4,False,False,333,3000,5,9,9,4,0.7,8720.55,6072.76,2647.79,20229.88,35.24,0.0,23,32.52,True
IR_B5000_D555_F9_L4_T_5_seed_0,0,False,False,555,5000,5,9,9,4,0.7,27719.74,24025.25,3694.49,31506.62,51.08,0.0,24,16.51,True
IR_B5000_D555_F9_L4_T_5_seed_1,1,False,False,555,5000,5,9,9,4,0.7,40598.4,37267.25,3331.14,34225.67,77.09,0.0,29,15.27,True
IR_B5000_D555_F9_L4_T_5_seed_2,2,False,False,555,5000,5,9,9,4,0.7,51845.77,48039.2,3806.58,33542.07,24.99,0.0,20,0.2,True
IR_B5000_D555_F9_L4_T_5_seed_3,3,False,False,555,5000,5,9,9,4,0.7,25945.0,22329.0,3616.0,34901.91,13.39,0.0,13,30.65,True
IR_B5000_D555_F9_L4_T_5_seed_4,4,False,False,555,5000,5,9,9,4,0.7,18252.58,14759.5,3493.08,31450.47,27.98,0.0,18,38.43,True
IR_B7000_D777_F9_L4_T_5_seed_0,0,False,False,777,7000,5,9,9,4,0.7,20100.95,16436.25,3664.69,44432.83,0.0,0.0,1,21.98,True
IR_B7000_D777_F9_L4_T_5_seed_1,1,False,False,777,7000,5,9,9,4,0.7,11430.44,5326.53,6103.91,48776.03,50.07,0.0,24,29.68,True
IR_B7000_D777_F9_L4_T_5_seed_2,2,False,False,777,7000,5,9,9,4,0.7,50788.34,46443.18,4345.16,48280.84,15.19,0.0,12,0.19,True
IR_B7000_D777_F9_L4_T_5_seed_3,3,False,False,777,7000,5,9,9,4,0.7,41317.16,36300.65,5016.52,46703.34,15.19,0.0,21,37.64,True
IR_B7000_D777_F9_L4_T_5_seed_4,4,False,False,777,7000,5,9,9,4,0.7,10971.38,5435.28,5536.1,47229.19,30.87,0.0,22,26.9,True
IR_B10000_D1111_F9_L4_T_5_seed_0,0,False,False,1111,10000,5,9,9,4,0.7,8570.96,1639.33,6931.63,62233.29,14.89,0.0,4,37.61,True
IR_B10000_D1111_F9_L4_T_5_seed_1,1,False,False,1111,10000,5,9,9,4,0.7,88760.79,83381.83,5378.96,66543.85,63.98,0.0,22,0.02,True
IR_B10000_D1111_F9_L4_T_5_seed_2,2,False,False,1111,10000,5,9,9,4,0.7,42441.58,33513.87,8927.72,68556.53,14.28,0.0,15,6.93,True
IR_B10000_D1111_F9_L4_T_5_seed_3,3,False,False,1111,10000,5,9,9,4,0.7,41395.68,35880.44,5515.24,71253.85,0.47,0.0,2,10.6,True
IR_B10000_D1111_F9_L4_T_5_seed_4,4,False,False,1111,10000,5,9,9,4,0.7,16189.9,7091.43,9098.47,65649.97,51.39,0.0,29,8.99,True
IR_B3000_D333_F9_L8_T_5_seed_0,0,False,False,333,3000,5,9,9,8,0.7,4591.11,1018.65,3572.46,19362.28,230.29,0.0,13,13.52,True
IR_B3000_D333_F9_L8_T_5_seed_1,1,False,False,333,3000,5,9,9,8,0.7,2479.76,640.53,1839.23,18244.69,144.25,0.0,10,36.77,True
IR_B3000_D333_F9_L8_T_5_seed_2,2,False,False,333,3000,5,9,9,8,0.7,21179.07,19424.66,1754.41,19542.0,434.02,0.0,24,7.81,True
IR_B3000_D333_F9_L8_T_5_seed_3,3,False,False,333,3000,5,9,9,8,0.7,28377.03,25240.69,3136.34,17516.31,34.87,0.0,4,0.0,True
IR_B3000_D333_F9_L8_T_5_seed_4,4,False,False,333,3000,5,9,9,8,0.7,4540.56,2228.9,2311.67,18510.45,27.49,0.0,3,43.05,True
IR_B5000_D555_F9_L8_T_5_seed_0,0,False,False,555,5000,5,9,9,8,0.7,11805.8,9274.39,2531.41,32819.52,120.92,0.0,11,24.76,True
IR_B5000_D555_F9_L8_T_5_seed_1,1,False,False,555,5000,5,9,9,8,0.7,30631.2,27084.35,3546.85,27336.25,485.2,0.0,18,9.87,True
IR_B5000_D555_F9_L8_T_5_seed_2,2,False,False,555,5000,5,9,9,8,0.7,54727.6,51792.71,2934.9,30102.87,241.25,0.0,22,8.04,True
IR_B5000_D555_F9_L8_T_5_seed_3,3,False,False,555,5000,5,9,9,8,0.7,45627.11,41653.74,3973.37,30105.5,91.94,0.0,22,25.22,True
IR_B5000_D555_F9_L8_T_5_seed_4,4,False,False,555,5000,5,9,9,8,0.7,7288.41,4023.87,3264.54,29166.57,407.81,0.0,22,27.91,True
IR_B7000_D777_F9_L8_T_5_seed_0,0,False,False,777,7000,5,9,9,8,0.7,5177.89,1285.23,3892.66,45334.42,510.12,0.0,28,13.31,True
IR_B7000_D777_F9_L8_T_5_seed_1,1,False,False,777,7000,5,9,9,8,0.7,10805.53,6301.01,4504.52,41995.03,112.66,0.0,3,26.08,True
IR_B7000_D777_F9_L8_T_5_seed_2,2,False,False,777,7000,5,9,9,8,0.7,11247.53,5664.77,5582.76,48329.98,385.34,0.0,21,0.0,True
IR_B7000_D777_F9_L8_T_5_seed_3,3,False,False,777,7000,5,9,9,8,0.7,58407.67,54987.46,3420.21,41862.12,175.45,0.0,24,0.0,True
IR_B7000_D777_F9_L8_T_5_seed_4,4,False,False,777,7000,5,9,9,8,0.7,24927.1,21056.35,3870.75,40369.26,200.49,0.0,13,25.64,True
IR_B10000_D1111_F9_L8_T_5_seed_0,0,False,False,1111,10000,5,9,9,8,0.7,53931.92,48124.64,5807.28,60124.7,194.03,0.0,5,15.74,True
IR_B10000_D1111_F9_L8_T_5_seed_1,1,False,False,1111,10000,5,9,9,8,0.7,87167.57,81282.11,5885.47,54907.31,80.96,0.0,4,19.54,True
IR_B10000_D1111_F9_L8_T_5_seed_2,2,False,False,1111,10000,5,9,9,8,0.7,99058.71,94009.63,5049.08,61992.73,561.32,0.0,19,0.0,True
IR_B10000_D1111_F9_L8_T_5_seed_3,3,False,False,1111,10000,5,9,9,8,0.7,63633.69,57271.76,6361.93,61621.65,15.08,0.0,4,17.14,True
IR_B10000_D1111_F9_L8_T_5_seed_4,4,False,False,1111,10000,5,9,9,8,0.7,21777.47,15456.78,6320.7,59335.93,378.05,0.0,13,13.34,True
IR_B3000_D333_F9_L12_T_5_seed_0,0,False,False,333,3000,5,9,9,12,0.7,2527.39,799.59,1727.79,20887.96,204.29,0.0,9,1.21,True
IR_B3000_D333_F9_L12_T_5_seed_1,1,False,False,333,3000,5,9,9,12,0.7,39611.98,37957.67,1654.32,19218.39,524.71,0.0,28,18.3,True
IR_B3000_D333_F9_L12_T_5_seed_2,2,False,False,333,3000,5,9,9,12,0.7,31388.57,29658.27,1730.31,17652.56,521.6,0.05,13,12.21,True
IR_B3000_D333_F9_L12_T_5_seed_3,3,False,False,333,3000,5,9,9,12,0.7,30005.71,27305.29,2700.41,18549.48,0.78,0.0,2,10.87,True
IR_B3000_D333_F9_L12_T_5_seed_4,4,False,False,333,3000,5,9,9,12,0.7,4024.11,2066.02,1958.09,20277.33,598.45,0.0,20,40.85,True
IR_B5000_D555_F9_L12_T_5_seed_0,0,False,False,555,5000,5,9,9,12,0.7,47109.43,43550.35,3559.08,30796.15,1.91,0.05,3,34.53,True
IR_B5000_D555_F9_L12_T_5_seed_1,1,False,False,555,5000,5,9,9,12,0.7,32110.28,28397.23,3713.06,31929.47,467.82,0.0,22,7.6,True
IR_B5000_D555_F9_L12_T_5_seed_2,2,False,False,555,5000,5,9,9,12,0.7,4879.7,1513.87,3365.82,36880.75,342.06,0.0,11,14.54,True
IR_B5000_D555_F9_L12_T_5_seed_3,3,False,False,555,5000,5,9,9,12,0.7,19615.99,16366.12,3249.88,35324.68,266.23,0.0,10,15.79,True
IR_B5000_D555_F9_L12_T_5_seed_4,4,False,False,555,5000,5,9,9,12,0.7,34390.75,31283.56,3107.19,30965.58,303.42,0.0,8,41.58,True
IR_B7000_D777_F9_L12_T_5_seed_0,0,False,False,777,7000,5,9,9,12,0.7,88190.72,83772.15,4418.57,42679.91,189.95,0.04,6,10.45,True
IR_B7000_D777_F9_L12_T_5_seed_1,1,False,False,777,7000,5,9,9,12,0.7,13916.72,8519.7,5397.02,46892.43,287.9,0.0,10,4.01,True
IR_B7000_D777_F9_L12_T_5_seed_2,2,False,False,777,7000,5,9,9,12,0.7,12901.1,7830.78,5070.32,48789.79,54.71,0.0,6,11.18,True
IR_B7000_D777_F9_L12_T_5_seed_3,3,False,False,777,7000,5,9,9,12,0.7,90071.08,82631.57,7439.51,44981.69,7.1,0.0,4,0.94,True
IR_B7000_D777_F9_L12_T_5_seed_4,4,False,False,777,7000,5,9,9,12,0.7,104914.74,100766.85,4147.9,42029.68,590.78,0.0,10,28.81,True
IR_B10000_D1111_F9_L12_T_5_seed_0,0,False,False,1111,10000,5,9,9,12,0.7,178248.39,173943.64,4304.75,60328.91,474.33,0.05,4,33.35,True
IR_B10000_D1111_F9_L12_T_5_seed_1,1,False,False,1111,10000,5,9,9,12,0.7,86308.0,76931.68,9376.32,63376.34,134.03,0.0,5,6.96,True
IR_B10000_D1111_F9_L12_T_5_seed_2,2,False,False,1111,10000,5,9,9,12,0.7,15239.72,7946.9,7292.82,67006.89,525.33,0.0,6,1.01,True
IR_B10000_D1111_F9_L12_T_5_seed_3,3,False,False,1111,10000,5,9,9,12,0.7,83289.19,73606.61,9682.58,64345.85,16.43,0.0,2,16.09,True
IR_B10000_D1111_F9_L12_T_5_seed_4,4,False,False,1111,10000,5,9,9,12,0.7,119941.79,109818.36,10123.43,60139.11,204.0,0.0,10,13.94,True
IR_B3000_D333_F9_L4_T_10_seed_0,0,False,False,333,3000,10,9,9,4,0.7,6518.97,4432.77,2086.2,41478.52,123.46,0.0,10,30.96,True
IR_B3000_D333_F9_L4_T_10_seed_1,1,False,False,333,3000,10,9,9,4,0.7,3941.71,1993.36,1948.34,41700.55,230.28,0.0,11,0.08,True
IR_B3000_D333_F9_L4_T_10_seed_2,2,False,False,333,3000,10,9,9,4,0.7,10388.39,9141.32,1247.07,41939.43,162.92,0.0,14,0.0,True
IR_B3000_D333_F9_L4_T_10_seed_3,3,False,False,333,3000,10,9,9,4,0.7,3486.77,1914.55,1572.22,38411.3,82.88,0.0,12,25.67,True
IR_B3000_D333_F9_L4_T_10_seed_4,4,False,False,333,3000,10,9,9,4,0.7,1810.33,412.41,1397.92,38852.89,41.49,0.0,4,29.88,True
IR_B5000_D555_F9_L4_T_10_seed_0,0,False,False,555,5000,10,9,9,4,0.7,8108.24,3730.18,4378.06,69070.67,275.57,0.0,18,43.86,True
IR_B5000_D555_F9_L4_T_10_seed_1,1,False,False,555,5000,10,9,9,4,0.7,11012.07,7398.92,3613.14,72485.68,20.26,0.0,2,42.89,True
IR_B5000_D555_F9_L4_T_10_seed_2,2,False,False,555,5000,10,9,9,4,0.7,4174.6,1121.23,3053.38,68405.65,248.51,0.0,23,31.15,True
IR_B5000_D555_F9_L4_T_10_seed_3,3,False,False,555,5000,10,9,9,4,0.7,18568.33,15334.54,3233.8,63273.74,118.48,0.0,21,0.0,True
IR_B5000_D555_F9_L4_T_10_seed_4,4,False,False,555,5000,10,9,9,4,0.7,4166.17,1217.51,2948.66,65740.43,41.78,0.0,4,54.97,True
IR_B7000_D777_F9_L4_T_10_seed_0,0,False,False,777,7000,10,9,9,4,0.7,20384.08,14573.56,5810.53,93387.57,439.16,0.0,24,8.49,True
IR_B7000_D777_F9_L4_T_10_seed_1,1,False,False,777,7000,10,9,9,4,0.7,10248.93,5559.23,4689.69,97283.34,0.0,0.0,1,22.67,True
IR_B7000_D777_F9_L4_T_10_seed_2,2,False,False,777,7000,10,9,9,4,0.7,3189.62,47.9,3141.72,99729.24,165.36,0.0,9,20.59,True
IR_B7000_D777_F9_L4_T_10_seed_3,3,False,False,777,7000,10,9,9,4,0.7,8478.38,4728.75,3749.63,89485.81,115.23,0.0,16,3.07,True
IR_B7000_D777_F9_L4_T_10_seed_4,4,False,False,777,7000,10,9,9,4,0.7,4698.92,1522.44,3176.48,90625.45,300.92,0.0,24,19.01,True
IR_B10000_D1111_F9_L4_T_10_seed_0,0,False,False,1111,10000,10,9,9,4,0.7,17577.22,13557.43,4019.78,134690.61,376.03,0.0,19,14.75,True
IR_B10000_D1111_F9_L4_T_10_seed_1,1,False,False,1111,10000,10,9,9,4,0.7,13433.43,8102.17,5331.26,145088.88,264.3,0.0,6,29.16,True
IR_B10000_D1111_F9_L4_T_10_seed_2,2,False,False,1111,10000,10,9,9,4,0.7,15415.09,8179.36,7235.73,136501.9,112.75,0.0,9,26.42,True
IR_B10000_D1111_F9_L4_T_10_seed_3,3,False,False,1111,10000,10,9,9,4,0.7,46017.83,39820.53,6197.3,126237.27,119.04,0.0,14,13.03,True
IR_B10000_D1111_F9_L4_T_10_seed_4,4,False,False,1111,10000,10,9,9,4,0.7,7762.42,1214.53,6547.88,131539.6,267.04,0.0,21,61.02,True
IR_B3000_D333_F9_L8_T_10_seed_0,0,False,False,333,3000,10,9,9,8,0.7,94038.56,92813.69,1224.86,34681.98,303.72,0.0,2,0.76,True
IR_B3000_D333_F9_L8_T_10_seed_1,1,False,False,333,3000,10,9,9,8,0.7,113054.86,111459.2,1595.67,32133.34,373.02,0.0,3,3.24,True
IR_B3000_D333_F9_L8_T_10_seed_2,2,False,False,333,3000,10,9,9,8,0.7,68135.07,67015.85,1119.21,34246.03,461.13,0.01,7,4.19,True
IR_B3000_D333_F9_L8_T_10_seed_3,3,False,False,333,3000,10,9,9,8,0.7,2007.74,268.96,1738.78,40036.12,148.69,0.0,4,10.83,True
IR_B3000_D333_F9_L8_T_10_seed_4,4,False,False,333,3000,10,9,9,8,0.7,4832.04,3473.61,1358.43,37056.09,0.0,0.0,1,9.45,True
IR_B5000_D555_F9_L8_T_10_seed_0,0,False,False,555,5000,10,9,9,8,0.7,96891.0,94152.84,2738.16,58896.41,0.0,0.01,1,9.62,True
IR_B5000_D555_F9_L8_T_10_seed_1,1,False,False,555,5000,10,9,9,8,0.7,11120.96,9073.96,2047.0,59632.1,172.76,0.0,2,7.13,True
IR_B5000_D555_F9_L8_T_10_seed_2,2,False,False,555,5000,10,9,9,8,0.7,65797.67,62974.81,2822.86,58036.62,186.63,0.0,4,4.27,True
IR_B5000_D555_F9_L8_T_10_seed_3,3,False,False,555,5000,10,9,9,8,0.7,112622.45,110336.6,2285.85,58021.17,559.93,0.0,6,5.88,True
IR_B5000_D555_F9_L8_T_10_seed_4,4,False,False,555,5000,10,9,9,8,0.7,17853.12,16422.87,1430.25,65966.1,340.41,0.0,2,22.7,True
IR_B7000_D777_F9_L8_T_10_seed_0,0,False,False,777,7000,10,9,9,8,0.7,14161.82,9975.69,4186.13,89579.29,512.35,0.0,3,4.62,True
IR_B7000_D777_F9_L8_T_10_seed_1,1,False,False,777,7000,10,9,9,8,0.7,93141.51,89478.78,3662.73,79986.33,0.0,0.0,1,10.26,True
IR_B7000_D777_F9_L8_T_10_seed_2,2,False,False,777,7000,10,9,9,8,0.7,17409.64,13549.1,3860.54,89760.76,577.87,0.0,4,0.77,True
IR_B7000_D777_F9_L8_T_10_seed_3,3,False,False,777,7000,10,9,9,8,0.7,12290.32,8064.07,4226.25,94103.39,0.0,0.0,1,0.34,True
IR_B7000_D777_F9_L8_T_10_seed_4,4,False,False,777,7000,10,9,9,8,0.7,56918.27,52850.65,4067.62,82982.89,401.74,0.0,2,29.87,True
IR_B10000_D1111_F9_L8_T_10_seed_0,0,False,False,1111,10000,10,9,9,8,0.7,12776.07,6010.61,6765.46,131399.9,0.0,0.0,1,7.22,True
IR_B10000_D1111_F9_L8_T_10_seed_1,1,False,False,1111,10000,10,9,9,8,0.7,147293.46,143818.7,3474.77,121502.05,0.0,0.0,1,12.35,True
IR_B10000_D1111_F9_L8_T_10_seed_2,2,False,False,1111,10000,10,9,9,8,0.7,28941.93,21632.56,7309.36,119577.23,487.04,0.0,5,0.13,True
IR_B10000_D1111_F9_L8_T_10_seed_3,3,False,False,1111,10000,10,9,9,8,0.7,34161.46,27430.5,6730.95,127141.46,558.46,0.0,3,0.97,True
IR_B10000_D1111_F9_L8_T_10_seed_4,4,False,False,1111,10000,10,9,9,8,0.7,19332.04,10062.88,9269.16,121795.72,363.46,0.01,2,15.45,True
IR_B3000_D333_F9_L12_T_10_seed_0,0,False,False,333,3000,10,9,9,12,0.7,52177.94,50774.45,1403.48,39174.16,0.0,0.0,1,7.8,True
IR_B3000_D333_F9_L12_T_10_seed_1,1,False,False,333,3000,10,9,9,12,0.7,91055.34,89311.91,1743.43,34987.72,361.66,0.02,2,5.55,True
IR_B3000_D333_F9_L12_T_10_seed_2,2,False,False,333,3000,10,9,9,12,0.7,12255.65,10750.67,1504.98,37273.22,592.87,0.05,3,1.66,True
IR_B3000_D333_F9_L12_T_10_seed_3,3,False,False,333,3000,10,9,9,12,0.7,2574.35,564.61,2009.75,38453.59,171.18,0.0,4,20.38,True
IR_B3000_D333_F9_L12_T_10_seed_4,4,False,False,333,3000,10,9,9,12,0.7,17427.71,15528.68,1899.03,38776.83,312.95,0.0,4,0.66,True
IR_B5000_D555_F9_L12_T_10_seed_0,0,False,False,555,5000,10,9,9,12,0.7,129670.06,127784.86,1885.21,59595.77,401.8,0.24,2,0.0,True
IR_B5000_D555_F9_L12_T_10_seed_1,1,False,False,555,5000,10,9,9,12,0.7,111242.23,108972.8,2269.42,59577.42,229.94,0.01,2,0.01,True
IR_B5000_D555_F9_L12_T_10_seed_2,2,False,False,555,5000,10,9,9,12,0.7,119212.93,115937.52,3275.41,56721.27,401.87,0.0,2,0.7,True
IR_B5000_D555_F9_L12_T_10_seed_3,3,False,False,555,5000,10,9,9,12,0.7,16553.85,12933.11,3620.74,63861.04,0.0,0.0,1,9.9,True
IR_B5000_D555_F9_L12_T_10_seed_4,4,False,False,555,5000,10,9,9,12,0.7,38117.0,35544.69,2572.32,63008.79,0.0,0.0,1,4.57,True
IR_B7000_D777_F9_L12_T_10_seed_0,0,False,False,777,7000,10,9,9,12,0.7,127195.71,122669.19,4526.52,85248.69,0.0,0.15,1,3.83,True
IR_B7000_D777_F9_L12_T_10_seed_1,1,False,False,777,7000,10,9,9,12,0.7,169707.53,165866.5,3841.03,83703.47,0.0,0.07,1,0.09,True
IR_B7000_D777_F9_L12_T_10_seed_2,2,False,False,777,7000,10,9,9,12,0.7,50098.91,45322.55,4776.35,86608.07,0.0,0.0,1,4.39,True
IR_B7000_D777_F9_L12_T_10_seed_3,3,False,False,777,7000,10,9,9,12,0.7,187862.82,183654.79,4208.04,86720.78,0.0,0.14,1,0.43,True
IR_B7000_D777_F9_L12_T_10_seed_4,4,False,False,777,7000,10,9,9,12,0.7,8384.42,2531.58,5852.85,94190.33,356.31,0.0,4,8.63,True
IR_B10000_D1111_F9_L12_T_10_seed_0,0,False,False,1111,10000,10,9,9,12,0.7,10775.1,4935.46,5839.64,135122.19,303.3,0.0,3,7.12,True
IR_B10000_D1111_F9_L12_T_10_seed_1,1,False,False,1111,10000,10,9,9,12,0.7,27029.11,21031.53,5997.58,137474.96,248.27,0.29,2,6.05,True
IR_B10000_D1111_F9_L12_T_10_seed_2,2,False,False,1111,10000,10,9,9,12,0.7,258579.25,254599.3,3979.94,111544.01,401.87,0.18,2,0.0,True
IR_B10000_D1111_F9_L12_T_10_seed_3,3,False,False,1111,10000,10,9,9,12,0.7,388900.76,382920.91,5979.86,111456.24,205.06,0.11,2,15.3,True
IR_B10000_D1111_F9_L12_T_10_seed_4,4,False,False,1111,10000,10,9,9,12,0.7,128619.03,123706.74,4912.29,125138.0,0.0,0.01,1,1.42,True
IR_B3000_D333_F9_L4_T_15_seed_0,0,False,False,333,3000,15,9,9,4,0.7,7870.58,6637.02,1233.57,61289.21,351.22,0.0,11,20.84,True
IR_B3000_D333_F9_L4_T_15_seed_1,1,False,False,333,3000,15,9,9,4,0.7,8882.2,7298.23,1583.97,61543.74,162.73,0.0,5,22.43,True
IR_B3000_D333_F9_L4_T_15_seed_2,2,False,False,333,3000,15,9,9,4,0.7,3137.97,1553.24,1584.73,62618.86,472.42,0.0,21,7.59,True
IR_B3000_D333_F9_L4_T_15_seed_3,3,False,False,333,3000,15,9,9,4,0.7,5233.75,4162.2,1071.55,58452.99,284.68,0.0,22,26.26,True
IR_B3000_D333_F9_L4_T_15_seed_4,4,False,False,333,3000,15,9,9,4,0.7,15952.81,14259.27,1693.54,57857.52,543.45,0.0,16,13.12,True
IR_B5000_D555_F9_L4_T_15_seed_0,0,False,False,555,5000,15,9,9,4,0.7,4937.18,2264.71,2672.47,100826.76,148.34,0.0,4,13.73,True
IR_B5000_D555_F9_L4_T_15_seed_1,1,False,False,555,5000,15,9,9,4,0.7,4141.82,1029.73,3112.09,104204.3,533.88,0.0,12,9.08,True
IR_B5000_D555_F9_L4_T_15_seed_2,2,False,False,555,5000,15,9,9,4,0.7,5120.68,2206.38,2914.3,104361.28,507.21,0.0,17,4.95,True
IR_B5000_D555_F9_L4_T_15_seed_3,3,False,False,555,5000,15,9,9,4,0.7,2538.22,0.0,2538.22,97502.0,354.49,0.0,15,27.98,True
IR_B5000_D555_F9_L4_T_15_seed_4,4,False,False,555,5000,15,9,9,4,0.7,7618.73,5333.75,2284.98,102241.23,0.0,0.0,1,17.45,True
IR_B7000_D777_F9_L4_T_15_seed_0,0,False,False,777,7000,15,9,9,4,0.7,21001.53,17319.73,3681.8,143030.95,350.33,0.0,8,49.34,True
IR_B7000_D777_F9_L4_T_15_seed_1,1,False,False,777,7000,15,9,9,4,0.7,3891.6,206.73,3684.87,150894.38,305.4,0.0,6,2.15,True
IR_B7000_D777_F9_L4_T_15_seed_2,2,False,False,777,7000,15,9,9,4,0.7,28824.58,23997.11,4827.46,144804.89,196.77,0.0,6,15.42,True
IR_B7000_D777_F9_L4_T_15_seed_3,3,False,False,777,7000,15,9,9,4,0.7,13125.1,8931.0,4194.1,136605.0,475.01,0.0,19,10.45,True
IR_B7000_D777_F9_L4_T_15_seed_4,4,False,False,777,7000,15,9,9,4,0.7,20725.46,16669.39,4056.07,134818.69,23.41,0.0,2,36.55,True
IR_B10000_D1111_F9_L4_T_15_seed_0,0,False,False,1111,10000,15,9,9,4,0.7,52615.08,47645.43,4969.64,202213.26,585.69,0.0,12,21.49,True
IR_B10000_D1111_F9_L4_T_15_seed_1,1,False,False,1111,10000,15,9,9,4,0.7,17308.43,10150.58,7157.85,202619.36,320.98,0.0,8,12.83,True
IR_B10000_D1111_F9_L4_T_15_seed_2,2,False,False,1111,10000,15,9,9,4,0.7,7413.6,2144.61,5268.99,208892.02,442.35,0.0,14,1.35,True
IR_B10000_D1111_F9_L4_T_15_seed_3,3,False,False,1111,10000,15,9,9,4,0.7,15746.26,10032.0,5714.26,202212.0,323.08,0.0,7,46.89,True
IR_B10000_D1111_F9_L4_T_15_seed_4,4,False,False,1111,10000,15,9,9,4,0.7,18365.61,13825.46,4540.15,199233.59,554.99,0.0,13,12.66,True
IR_B3000_D333_F9_L8_T_15_seed_0,0,False,False,333,3000,15,9,9,8,0.7,28769.61,27050.44,1719.17,55841.66,399.34,0.02,2,0.06,True
IR_B3000_D333_F9_L8_T_15_seed_1,1,False,False,333,3000,15,9,9,8,0.7,164824.04,163740.32,1083.72,49509.67,309.47,0.27,2,7.47,True
IR_B3000_D333_F9_L8_T_15_seed_2,2,False,False,333,3000,15,9,9,8,0.7,45677.29,43921.38,1755.91,53345.84,0.0,0.17,1,9.43,True
IR_B3000_D333_F9_L8_T_15_seed_3,3,False,False,333,3000,15,9,9,8,0.7,93388.39,91893.73,1494.67,50818.24,0.0,0.0,1,5.28,True
IR_B3000_D333_F9_L8_T_15_seed_4,4,False,False,333,3000,15,9,9,8,0.7,37071.55,35348.18,1723.37,49905.42,0.0,0.13,1,14.76,True
IR_B5000_D555_F9_L8_T_15_seed_0,0,False,False,555,5000,15,9,9,8,0.7,209341.73,207096.96,2244.76,86225.77,314.93,0.12,2,2.13,True
IR_B5000_D555_F9_L8_T_15_seed_1,1,False,False,555,5000,15,9,9,8,0.7,206091.11,204171.21,1919.9,84165.22,0.0,0.25,1,0.2,True
IR_B5000_D555_F9_L8_T_15_seed_2,2,False,False,555,5000,15,9,9,8,0.7,17429.09,14899.95,2529.14,91593.49,0.0,0.0,1,19.42,True
IR_B5000_D555_F9_L8_T_15_seed_3,3,False,False,555,5000,15,9,9,8,0.7,169394.63,166588.41,2806.22,83079.95,302.85,0.01,2,6.36,True
IR_B5000_D555_F9_L8_T_15_seed_4,4,False,False,555,5000,15,9,9,8,0.7,12622.67,9437.3,3185.38,86608.91,402.1,0.05,2,0.55,True
IR_B7000_D777_F9_L8_T_15_seed_0,0,False,False,777,7000,15,9,9,8,0.7,97681.74,94580.23,3101.52,128670.62,402.1,0.26,2,1.73,True
IR_B7000_D777_F9_L8_T_15_seed_1,1,False,False,777,7000,15,9,9,8,0.7,336903.49,334286.14,2617.35,116841.01,0.0,0.32,1,6.92,True
IR_B7000_D777_F9_L8_T_15_seed_2,2,False,False,777,7000,15,9,9,8,0.7,298421.25,293278.61,5142.64,119961.88,0.0,0.01,1,6.02,True
IR_B7000_D777_F9_L8_T_15_seed_3,3,False,False,777,7000,15,9,9,8,0.7,109437.83,105283.09,4154.73,121925.38,400.9,0.0,2,19.04,True
IR_B7000_D777_F9_L8_T_15_seed_4,4,False,False,777,7000,15,9,9,8,0.7,16833.32,10652.41,6180.91,122179.05,402.07,0.0,2,0.0,True
IR_B10000_D1111_F9_L8_T_15_seed_0,0,False,False,1111,10000,15,9,9,8,0.7,29430.78,23684.15,5746.63,191935.55,0.0,0.07,1,12.79,True
IR_B10000_D1111_F9_L8_T_15_seed_1,1,False,False,1111,10000,15,9,9,8,0.7,5747.47,1172.24,4575.23,189189.94,0.0,0.01,1,4.85,True
IR_B10000_D1111_F9_L8_T_15_seed_2,2,False,False,1111,10000,15,9,9,8,0.7,44613.93,39236.31,5377.62,181867.81,304.2,0.0,2,32.37,True
IR_B10000_D1111_F9_L8_T_15_seed_3,3,False,False,1111,10000,15,9,9,8,0.7,143723.99,139325.24,4398.75,175443.74,0.0,0.08,1,1.21,True
IR_B10000_D1111_F9_L8_T_15_seed_4,4,False,False,1111,10000,15,9,9,8,0.7,39276.47,33190.47,6086.0,174019.38,402.29,0.11,2,6.77,True
IR_B3000_D333_F9_L12_T_15_seed_0,0,False,False,333,3000,15,9,9,12,0.7,149541.11,147148.14,2392.97,54184.47,0.0,0.03,1,7.32,True
IR_B3000_D333_F9_L12_T_15_seed_1,1,False,False,333,3000,15,9,9,12,0.7,9072.81,7445.3,1627.51,60832.61,204.52,0.18,2,28.74,True
IR_B3000_D333_F9_L12_T_15_seed_2,2,False,False,333,3000,15,9,9,12,0.7,118216.44,117035.12,1181.32,57991.86,0.0,0.14,1,0.88,True
IR_B3000_D333_F9_L12_T_15_seed_3,3,False,False,333,3000,15,9,9,12,0.7,206355.33,205112.19,1243.14,51023.83,205.19,0.02,2,12.54,True
IR_B3000_D333_F9_L12_T_15_seed_4,4,False,False,333,3000,15,9,9,12,0.7,72164.08,70493.73,1670.35,51906.85,287.52,0.18,2,3.27,True
IR_B5000_D555_F9_L12_T_15_seed_0,0,False,False,555,5000,15,9,9,12,0.7,85978.97,83496.86,2482.11,111398.27,597.68,0.21,3,26.63,True
IR_B5000_D555_F9_L12_T_15_seed_1,1,False,False,555,5000,15,9,9,12,0.7,266177.9,263414.78,2763.11,87690.92,106.2,0.06,2,5.12,True
IR_B5000_D555_F9_L12_T_15_seed_2,2,False,False,555,5000,15,9,9,12,0.7,45531.02,43146.21,2384.8,110697.5,402.81,0.3,2,11.46,True
IR_B5000_D555_F9_L12_T_15_seed_3,3,False,False,555,5000,15,9,9,12,0.7,107686.25,105819.33,1866.92,91621.79,0.0,0.13,1,0.12,True
IR_B5000_D555_F9_L12_T_15_seed_4,4,False,False,555,5000,15,9,9,12,0.7,120970.06,118016.86,2953.19,86796.88,304.59,0.0,2,4.7,True
IR_B7000_D777_F9_L12_T_15_seed_0,0,False,False,777,7000,15,9,9,12,0.7,113303.61,109099.53,4204.08,136499.86,505.47,0.29,3,17.15,True
IR_B7000_D777_F9_L12_T_15_seed_1,1,False,False,777,7000,15,9,9,12,0.7,385391.29,382533.15,2858.15,123186.67,0.0,0.12,1,13.8,True
IR_B7000_D777_F9_L12_T_15_seed_2,2,False,False,777,7000,15,9,9,12,0.7,279208.13,276233.71,2974.42,122943.52,202.73,0.26,2,32.11,True
IR_B7000_D777_F9_L12_T_15_seed_3,3,False,False,777,7000,15,9,9,12,0.7,40636.75,37037.75,3599.0,134200.91,405.0,0.21,3,2.03,True
IR_B7000_D777_F9_L12_T_15_seed_4,4,False,False,777,7000,15,9,9,12,0.7,170518.04,168148.61,2369.44,125237.63,0.0,0.16,1,0.0,True
IR_B10000_D1111_F9_L12_T_15_seed_0,0,False,False,1111,10000,15,9,9,12,0.7,582062.76,574772.13,7290.63,192584.15,510.11,0.12,3,2.29,True
IR_B10000_D1111_F9_L12_T_15_seed_1,1,False,False,1111,10000,15,9,9,12,0.7,328226.64,322086.48,6140.16,182712.04,0.0,0.15,1,16.55,True
IR_B10000_D1111_F9_L12_T_15_seed_2,2,False,False,1111,10000,15,9,9,12,0.7,605304.83,598864.91,6439.92,171014.78,402.89,0.1,2,21.32,True
IR_B10000_D1111_F9_L12_T_15_seed_3,3,False,False,1111,10000,15,9,9,12,0.7,274654.68,267961.1,6693.58,180202.52,0.0,0.2,1,11.27,True
IR_B10000_D1111_F9_L12_T_15_seed_4,4,False,False,1111,10000,15,9,9,12,0.7,208964.95,204013.45,4951.49,174710.74,402.89,0.02,2,5.55,True
IR_B3000_D250_F12_L4_T_5_seed_0,0,False,False,250,3000,5,12,12,4,0.7,12616.4,10262.69,2353.71,15872.55,1.39,0.0,3,40.14,True
IR_B3000_D250_F12_L4_T_5_seed_1,1,False,False,250,3000,5,12,12,4,0.7,60248.16,58656.9,1591.26,15018.71,17.89,0.0,11,29.53,True
IR_B3000_D250_F12_L4_T_5_seed_2,2,False,False,250,3000,5,12,12,4,0.7,9735.95,7433.47,2302.48,15135.12,21.69,0.0,10,18.58,True
IR_B3000_D250_F12_L4_T_5_seed_3,3,False,False,250,3000,5,12,12,4,0.7,15224.27,13316.86,1907.41,13631.62,59.46,0.0,19,16.4,True
IR_B3000_D250_F12_L4_T_5_seed_4,4,False,False,250,3000,5,12,12,4,0.7,29613.59,27630.07,1983.53,14533.3,3.81,0.0,5,1.07,True
IR_B5000_D416_F12_L4_T_5_seed_0,0,False,False,416,5000,5,12,12,4,0.7,25588.74,21809.08,3779.66,26980.67,70.32,0.0,24,39.96,True
IR_B5000_D416_F12_L4_T_5_seed_1,1,False,False,416,5000,5,12,12,4,0.7,35007.56,31601.27,3406.29,27478.27,54.22,0.0,22,10.85,True
IR_B5000_D416_F12_L4_T_5_seed_2,2,False,False,416,5000,5,12,12,4,0.7,8262.3,4340.39,3921.91,24930.1,53.14,0.0,18,39.1,True
IR_B5000_D416_F12_L4_T_5_seed_3,3,False,False,416,5000,5,12,12,4,0.7,5764.09,2928.37,2835.72,22260.86,4.24,0.0,2,29.76,True
IR_B5000_D416_F12_L4_T_5_seed_4,4,False,False,416,5000,5,12,12,4,0.7,35263.69,32495.99,2767.7,27102.1,41.89,0.0,24,24.53,True
IR_B7000_D583_F12_L4_T_5_seed_0,0,False,False,583,7000,5,12,12,4,0.7,18586.26,12953.01,5633.25,36839.11,23.82,0.0,12,10.34,True
IR_B7000_D583_F12_L4_T_5_seed_1,1,False,False,583,7000,5,12,12,4,0.7,22015.34,15833.38,6181.97,40088.6,3.93,0.0,2,10.93,True
IR_B7000_D583_F12_L4_T_5_seed_2,2,False,False,583,7000,5,12,12,4,0.7,28346.52,23342.78,5003.74,34254.97,39.94,0.0,8,38.69,True
IR_B7000_D583_F12_L4_T_5_seed_3,3,False,False,583,7000,5,12,12,4,0.7,17233.44,12050.65,5182.79,32244.17,24.97,0.0,7,21.66,True
IR_B7000_D583_F12_L4_T_5_seed_4,4,False,False,583,7000,5,12,12,4,0.7,32282.33,26924.79,5357.53,36051.12,17.76,0.0,12,32.75,True
IR_B10000_D833_F12_L4_T_5_seed_0,0,False,False,833,10000,5,12,12,4,0.7,36229.61,25779.03,10450.58,53259.48,18.14,0.0,13,39.41,True
IR_B10000_D833_F12_L4_T_5_seed_1,1,False,False,833,10000,5,12,12,4,0.7,50548.94,42449.34,8099.59,55878.94,29.28,0.0,11,18.21,True
IR_B10000_D833_F12_L4_T_5_seed_2,2,False,False,833,10000,5,12,12,4,0.7,132575.72,123820.19,8755.53,46169.87,69.06,0.0,26,0.0,True
IR_B10000_D833_F12_L4_T_5_seed_3,3,False,False,833,10000,5,12,12,4,0.7,32458.98,27109.45,5349.53,44673.67,32.93,0.0,8,22.97,True
IR_B10000_D833_F12_L4_T_5_seed_4,4,False,False,833,10000,5,12,12,4,0.7,56855.82,51907.87,4947.96,52299.76,44.18,0.0,22,43.32,True
IR_B3000_D250_F12_L8_T_5_seed_0,0,False,False,250,3000,5,12,12,8,0.7,19886.47,17946.06,1940.41,13502.88,275.32,0.0,12,14.98,True
IR_B3000_D250_F12_L8_T_5_seed_1,1,False,False,250,3000,5,12,12,8,0.7,32697.01,30511.92,2185.09,14965.16,47.36,0.0,9,18.22,True
IR_B3000_D250_F12_L8_T_5_seed_2,2,False,False,250,3000,5,12,12,8,0.7,8030.98,5768.8,2262.18,12283.84,173.13,0.0,6,38.91,True
IR_B3000_D250_F12_L8_T_5_seed_3,3,False,False,250,3000,5,12,12,8,0.7,16925.46,14705.36,2220.1,13467.65,391.47,0.0,28,0.0,True
IR_B3000_D250_F12_L8_T_5_seed_4,4,False,False,250,3000,5,12,12,8,0.7,8584.68,6943.85,1640.83,14598.46,96.73,0.0,15,0.0,True
IR_B5000_D416_F12_L8_T_5_seed_0,0,False,False,416,5000,5,12,12,8,0.7,38578.11,35631.38,2946.73,22019.52,204.69,0.0,7,0.0,True
IR_B5000_D416_F12_L8_T_5_seed_1,1,False,False,416,5000,5,12,12,8,0.7,76001.52,72653.58,3347.94,22864.64,188.37,0.0,28,0.0,True
IR_B5000_D416_F12_L8_T_5_seed_2,2,False,False,416,5000,5,12,12,8,0.7,3593.33,356.97,3236.36,21048.95,115.89,0.0,8,0.0,True
IR_B5000_D416_F12_L8_T_5_seed_3,3,False,False,416,5000,5,12,12,8,0.7,25096.73,22320.98,2775.75,24410.91,62.52,0.0,10,0.0,True
IR_B5000_D416_F12_L8_T_5_seed_4,4,False,False,416,5000,5,12,12,8,0.7,33263.36,29717.73,3545.63,23537.52,268.45,0.0,17,0.0,True
IR_B7000_D583_F12_L8_T_5_seed_0,0,False,False,583,7000,5,12,12,8,0.7,75802.19,70819.66,4982.53,30369.39,272.65,0.0,16,0.0,True
IR_B7000_D583_F12_L8_T_5_seed_1,1,False,False,583,7000,5,12,12,8,0.7,54116.79,48785.24,5331.55,34028.89,133.12,0.0,23,0.0,True
IR_B7000_D583_F12_L8_T_5_seed_2,2,False,False,583,7000,5,12,12,8,0.7,13204.04,7364.9,5839.13,29156.39,403.61,0.0,16,0.0,True
IR_B7000_D583_F12_L8_T_5_seed_3,3,False,False,583,7000,5,12,12,8,0.7,7632.89,2097.32,5535.57,37332.44,156.4,0.0,24,0.0,True
IR_B7000_D583_F12_L8_T_5_seed_4,4,False,False,583,7000,5,12,12,8,0.7,78107.28,73152.19,4955.09,31628.66,260.57,0.0,21,0.0,True
IR_B10000_D833_F12_L8_T_5_seed_0,0,False,False,833,10000,5,12,12,8,0.7,87274.86,78688.32,8586.53,43961.84,365.26,0.0,15,0.0,True
IR_B10000_D833_F12_L8_T_5_seed_1,1,False,False,833,10000,5,12,12,8,0.7,14005.73,5883.46,8122.27,57017.83,81.77,0.0,20,0.0,True
IR_B10000_D833_F12_L8_T_5_seed_2,2,False,False,833,10000,5,12,12,8,0.7,34591.05,24795.16,9795.9,41242.4,38.1,0.0,2,0.0,True
IR_B10000_D833_F12_L8_T_5_seed_3,3,False,False,833,10000,5,12,12,8,0.7,67503.43,59404.66,8098.77,46044.65,155.81,0.0,6,0.0,True
IR_B10000_D833_F12_L8_T_5_seed_4,4,False,False,833,10000,5,12,12,8,0.7,101764.42,93858.59,7905.82,45267.45,1.85,0.0,3,0.0,True
IR_B3000_D250_F12_L12_T_5_seed_0,0,False,False,250,3000,5,12,12,12,0.7,9734.45,6601.59,3132.86,16210.87,269.25,0.0,13,0.0,True
IR_B3000_D250_F12_L12_T_5_seed_1,1,False,False,250,3000,5,12,12,12,0.7,37635.9,35616.63,2019.26,13080.99,553.91,0.0,9,0.0,True
IR_B3000_D250_F12_L12_T_5_seed_2,2,False,False,250,3000,5,12,12,12,0.7,23970.53,22039.71,1930.82,14069.05,50.99,0.0,2,0.0,True
IR_B3000_D250_F12_L12_T_5_seed_3,3,False,False,250,3000,5,12,12,12,0.7,17314.98,15247.2,2067.78,13975.15,553.13,0.0,18,0.0,True
IR_B3000_D250_F12_L12_T_5_seed_4,4,False,False,250,3000,5,12,12,12,0.7,26267.33,24358.79,1908.54,13606.58,454.44,0.0,20,0.0,True
IR_B5000_D416_F12_L12_T_5_seed_0,0,False,False,416,5000,5,12,12,12,0.7,43324.98,39725.25,3599.73,22764.34,452.43,0.0,18,0.0,True
IR_B5000_D416_F12_L12_T_5_seed_1,1,False,False,416,5000,5,12,12,12,0.7,18739.86,15119.5,3620.36,23290.27,1.15,0.0,2,0.0,True
IR_B5000_D416_F12_L12_T_5_seed_2,2,False,False,416,5000,5,12,12,12,0.7,62801.81,59462.86,3338.95,22028.69,502.77,0.0,15,0.0,True
IR_B5000_D416_F12_L12_T_5_seed_3,3,False,False,416,5000,5,12,12,12,0.7,5202.79,1229.81,3972.98,25872.59,161.32,0.0,6,0.0,True
IR_B5000_D416_F12_L12_T_5_seed_4,4,False,False,416,5000,5,12,12,12,0.7,52585.61,49649.8,2935.8,21783.03,0.0,0.0,1,0.0,True
IR_B7000_D583_F12_L12_T_5_seed_0,0,False,False,583,7000,5,12,12,12,0.7,67320.46,62267.59,5052.87,32487.9,0.0,0.0,1,0.0,True
IR_B7000_D583_F12_L12_T_5_seed_1,1,False,False,583,7000,5,12,12,12,0.7,53228.04,49087.65,4140.38,32012.78,282.14,0.0,4,0.0,True
IR_B7000_D583_F12_L12_T_5_seed_2,2,False,False,583,7000,5,12,12,12,0.7,44094.29,39240.26,4854.03,32480.98,533.93,0.0,16,0.0,True
IR_B7000_D583_F12_L12_T_5_seed_3,3,False,False,583,7000,5,12,12,12,0.7,93553.6,87145.3,6408.3,30759.51,576.34,0.0,16,0.0,True
IR_B7000_D583_F12_L12_T_5_seed_4,4,False,False,583,7000,5,12,12,12,0.7,59507.8,54912.51,4595.29,31248.04,574.18,0.0,22,0.0,True
IR_B10000_D833_F12_L12_T_5_seed_0,0,False,False,833,10000,5,12,12,12,0.7,105221.68,98287.5,6934.18,46810.3,36.25,0.0,5,0.0,True
IR_B10000_D833_F12_L12_T_5_seed_1,1,False,False,833,10000,5,12,12,12,0.7,84506.33,78557.53,5948.8,44920.71,4.19,0.0,4,0.0,True
IR_B10000_D833_F12_L12_T_5_seed_2,2,False,False,833,10000,5,12,12,12,0.7,91046.35,83794.95,7251.4,45709.38,512.49,0.0,17,0.0,True
IR_B10000_D833_F12_L12_T_5_seed_3,3,False,False,833,10000,5,12,12,12,0.7,85598.35,77579.73,8018.63,44125.07,427.95,0.0,15,0.0,True
IR_B10000_D833_F12_L12_T_5_seed_4,4,False,False,833,10000,5,12,12,12,0.7,111529.46,104874.65,6654.81,44102.87,389.57,0.0,11,0.0,True
IR_B3000_D250_F12_L4_T_10_seed_0,0,False,False,250,3000,10,12,12,4,0.7,5218.47,3624.38,1594.09,29595.47,0.0,0.0,1,0.0,True
IR_B3000_D250_F12_L4_T_10_seed_1,1,False,False,250,3000,10,12,12,4,0.7,32037.81,30713.76,1324.05,30948.99,4.1,0.0,3,0.0,True
IR_B3000_D250_F12_L4_T_10_seed_2,2,False,False,250,3000,10,12,12,4,0.7,15027.4,13476.93,1550.47,29784.8,274.11,0.0,6,0.0,True
IR_B3000_D250_F12_L4_T_10_seed_3,3,False,False,250,3000,10,12,12,4,0.7,2939.54,1333.82,1605.72,28556.34,299.21,0.0,8,0.0,True
IR_B3000_D250_F12_L4_T_10_seed_4,4,False,False,250,3000,10,12,12,4,0.7,6038.03,4476.21,1561.81,28213.45,41.61,0.0,4,0.0,True
IR_B5000_D416_F12_L4_T_10_seed_0,0,False,False,416,5000,10,12,12,4,0.7,2959.68,771.61,2188.06,50328.7,188.86,0.0,9,0.0,True
IR_B5000_D416_F12_L4_T_10_seed_1,1,False,False,416,5000,10,12,12,4,0.7,4745.23,1745.15,3000.09,52834.69,523.89,0.0,17,0.0,True
IR_B5000_D416_F12_L4_T_10_seed_2,2,False,False,416,5000,10,12,12,4,0.7,21887.17,18691.39,3195.78,49832.29,77.34,0.0,4,0.0,True
IR_B5000_D416_F12_L4_T_10_seed_3,3,False,False,416,5000,10,12,12,4,0.7,14703.85,11482.62,3221.24,46481.36,62.42,0.0,3,0.0,True
IR_B5000_D416_F12_L4_T_10_seed_4,4,False,False,416,5000,10,12,12,4,0.7,11793.09,8344.15,3448.94,47161.34,97.44,0.0,7,0.0,True
IR_B7000_D583_F12_L4_T_10_seed_0,0,False,False,583,7000,10,12,12,4,0.7,15720.84,12061.41,3659.44,70013.3,405.3,0.0,10,0.0,True
IR_B7000_D583_F12_L4_T_10_seed_1,1,False,False,583,7000,10,12,12,4,0.7,4789.11,0.0,4789.11,75056.0,489.24,0.0,9,0.0,True
IR_B7000_D583_F12_L4_T_10_seed_2,2,False,False,583,7000,10,12,12,4,0.7,25317.78,20586.09,4731.69,70252.81,73.08,0.0,3,0.0,True
IR_B7000_D583_F12_L4_T_10_seed_3,3,False,False,583,7000,10,12,12,4,0.7,20152.97,15976.83,4176.14,65831.01,101.66,0.0,3,0.0,True
IR_B7000_D583_F12_L4_T_10_seed_4,4,False,False,583,7000,10,12,12,4,0.7,6481.13,2402.0,4079.13,64604.68,54.96,0.0,5,0.0,True
IR_B10000_D833_F12_L4_T_10_seed_0,0,False,False,833,10000,10,12,12,4,0.7,20501.29,11728.12,8773.18,98583.95,80.82,0.0,3,0.0,True
IR_B10000_D833_F12_L4_T_10_seed_1,1,False,False,833,10000,10,12,12,4,0.7,14258.82,6325.75,7933.08,109003.73,330.74,0.0,7,0.0,True
IR_B10000_D833_F12_L4_T_10_seed_2,2,False,False,833,10000,10,12,12,4,0.7,10803.83,1981.86,8821.98,101521.32,218.05,0.0,4,0.0,True
IR_B10000_D833_F12_L4_T_10_seed_3,3,False,False,833,10000,10,12,12,4,0.7,15797.07,9704.13,6092.93,93864.82,142.57,0.0,4,0.0,True
IR_B10000_D833_F12_L4_T_10_seed_4,4,False,False,833,10000,10,12,12,4,0.7,11495.84,3929.77,7566.08,92184.66,314.82,0.0,14,0.0,True
IR_B3000_D250_F12_L8_T_10_seed_0,0,False,False,250,3000,10,12,12,8,0.7,64381.87,63377.56,1004.31,27839.48,280.25,0.02,2,0.0,True
IR_B3000_D250_F12_L8_T_10_seed_1,1,False,False,250,3000,10,12,12,8,0.7,2186.32,0.0,2186.32,31104.0,197.12,0.0,5,0.0,True
IR_B3000_D250_F12_L8_T_10_seed_2,2,False,False,250,3000,10,12,12,8,0.7,42446.23,41400.17,1046.06,24013.57,271.18,0.0,2,0.0,True
IR_B3000_D250_F12_L8_T_10_seed_3,3,False,False,250,3000,10,12,12,8,0.7,24126.62,22417.61,1709.01,26856.35,197.58,0.0,2,0.0,True
IR_B3000_D250_F12_L8_T_10_seed_4,4,False,False,250,3000,10,12,12,8,0.7,16209.46,14255.73,1953.73,28829.0,0.0,0.0,1,0.0,True
IR_B5000_D416_F12_L8_T_10_seed_0,0,False,False,416,5000,10,12,12,8,0.7,64918.18,62659.07,2259.11,46907.57,501.48,0.0,3,0.0,True
IR_B5000_D416_F12_L8_T_10_seed_1,1,False,False,416,5000,10,12,12,8,0.7,109945.9,107637.19,2308.71,45133.43,6.07,0.0,2,0.0,True
IR_B5000_D416_F12_L8_T_10_seed_2,2,False,False,416,5000,10,12,12,8,0.7,23063.34,20616.59,2446.75,42059.36,475.87,0.01,3,0.0,True
IR_B5000_D416_F12_L8_T_10_seed_3,3,False,False,416,5000,10,12,12,8,0.7,100825.74,98771.29,2054.45,41992.08,0.0,0.0,1,0.0,True
IR_B5000_D416_F12_L8_T_10_seed_4,4,False,False,416,5000,10,12,12,8,0.7,21699.58,17785.21,3914.37,47698.94,511.3,0.0,3,0.0,True
IR_B7000_D583_F12_L8_T_10_seed_0,0,False,False,583,7000,10,12,12,8,0.7,17471.39,13796.26,3675.13,69733.84,414.46,0.0,3,0.0,True
IR_B7000_D583_F12_L8_T_10_seed_1,1,False,False,583,7000,10,12,12,8,0.7,6002.67,1091.42,4911.25,72778.27,544.78,0.0,7,0.0,True
IR_B7000_D583_F12_L8_T_10_seed_2,2,False,False,583,7000,10,12,12,8,0.7,36033.33,32573.95,3459.38,58145.41,185.23,0.0,2,0.0,True
IR_B7000_D583_F12_L8_T_10_seed_3,3,False,False,583,7000,10,12,12,8,0.7,114586.08,110672.53,3913.56,59075.57,549.89,0.0,3,0.0,True
IR_B7000_D583_F12_L8_T_10_seed_4,4,False,False,583,7000,10,12,12,8,0.7,45394.64,40048.98,5345.66,68128.38,0.0,0.0,1,0.0,True
IR_B10000_D833_F12_L8_T_10_seed_0,0,False,False,833,10000,10,12,12,8,0.7,175289.11,168366.69,6922.42,94239.48,0.0,0.0,1,0.0,True
IR_B10000_D833_F12_L8_T_10_seed_1,1,False,False,833,10000,10,12,12,8,0.7,10914.97,3819.24,7095.73,104782.6,380.1,0.0,6,0.0,True
IR_B10000_D833_F12_L8_T_10_seed_2,2,False,False,833,10000,10,12,12,8,0.7,215212.95,209873.0,5339.95,78239.44,237.91,0.0,2,0.0,True
IR_B10000_D833_F12_L8_T_10_seed_3,3,False,False,833,10000,10,12,12,8,0.7,111216.06,107161.89,4054.16,87954.69,0.0,0.03,1,0.0,True
IR_B10000_D833_F12_L8_T_10_seed_4,4,False,False,833,10000,10,12,12,8,0.7,19852.6,12385.05,7467.55,97425.82,487.63,0.0,4,0.0,True
IR_B3000_D250_F12_L12_T_10_seed_0,0,False,False,250,3000,10,12,12,12,0.7,79656.06,78041.71,1614.35,29368.95,4.14,0.13,2,0.0,True
IR_B3000_D250_F12_L12_T_10_seed_1,1,False,False,250,3000,10,12,12,12,0.7,83660.9,82105.91,1554.99,25863.77,0.0,0.04,1,0.0,True
IR_B3000_D250_F12_L12_T_10_seed_2,2,False,False,250,3000,10,12,12,12,0.7,112632.75,111921.7,711.05,25712.12,384.03,0.01,2,0.0,True
IR_B3000_D250_F12_L12_T_10_seed_3,3,False,False,250,3000,10,12,12,12,0.7,18949.59,17281.96,1667.63,26901.36,402.53,0.1,2,0.0,True
IR_B3000_D250_F12_L12_T_10_seed_4,4,False,False,250,3000,10,12,12,12,0.7,44824.15,43110.6,1713.55,26445.3,505.23,0.01,3,0.0,True
IR_B5000_D416_F12_L12_T_10_seed_0,0,False,False,416,5000,10,12,12,12,0.7,32196.33,29377.77,2818.56,50916.25,528.4,0.02,6,0.0,True
IR_B5000_D416_F12_L12_T_10_seed_1,1,False,False,416,5000,10,12,12,12,0.7,43716.61,41529.8,2186.8,44604.54,0.0,0.03,1,0.0,True
IR_B5000_D416_F12_L12_T_10_seed_2,2,False,False,416,5000,10,12,12,12,0.7,199667.64,197843.9,1823.74,43039.78,402.53,0.01,2,0.0,True
IR_B5000_D416_F12_L12_T_10_seed_3,3,False,False,416,5000,10,12,12,12,0.7,12561.64,8392.85,4168.8,47833.39,467.22,0.0,5,0.0,True
IR_B5000_D416_F12_L12_T_10_seed_4,4,False,False,416,5000,10,12,12,12,0.7,63931.89,61120.0,2811.89,44900.11,0.0,0.01,1,0.0,True
IR_B7000_D583_F12_L12_T_10_seed_0,0,False,False,583,7000,10,12,12,12,0.7,45588.34,41717.86,3870.48,71147.3,447.09,0.02,3,0.0,True
IR_B7000_D583_F12_L12_T_10_seed_1,1,False,False,583,7000,10,12,12,12,0.7,191711.72,187705.4,4006.32,58918.5,0.0,0.0,1,0.0,True
IR_B7000_D583_F12_L12_T_10_seed_2,2,False,False,583,7000,10,12,12,12,0.7,63091.13,58624.01,4467.12,65241.97,199.58,0.01,2,0.0,True
IR_B7000_D583_F12_L12_T_10_seed_3,3,False,False,583,7000,10,12,12,12,0.7,85423.91,81210.07,4213.84,61166.13,402.64,0.03,2,0.0,True
IR_B7000_D583_F12_L12_T_10_seed_4,4,False,False,583,7000,10,12,12,12,0.7,69304.87,65863.13,3441.74,63683.28,387.0,0.03,2,0.0,True
IR_B10000_D833_F12_L12_T_10_seed_0,0,False,False,833,10000,10,12,12,12,0.7,336719.05,331952.67,4766.39,87975.94,0.0,0.04,1,0.0,True
IR_B10000_D833_F12_L12_T_10_seed_1,1,False,False,833,10000,10,12,12,12,0.7,176729.39,172540.07,4189.32,91731.81,402.65,0.13,2,0.0,True
IR_B10000_D833_F12_L12_T_10_seed_2,2,False,False,833,10000,10,12,12,12,0.7,75865.74,69261.51,6604.23,93886.52,0.0,0.01,1,0.0,True
IR_B10000_D833_F12_L12_T_10_seed_3,3,False,False,833,10000,10,12,12,12,0.7,234449.75,228464.42,5985.33,84633.9,0.0,0.03,1,0.0,True
IR_B10000_D833_F12_L12_T_10_seed_4,4,False,False,833,10000,10,12,12,12,0.7,241500.29,234158.54,7341.75,86638.35,0.0,0.01,1,0.0,True
IR_B3000_D250_F12_L4_T_15_seed_0,0,False,False,250,3000,15,12,12,4,0.7,3761.77,2382.52,1379.25,43382.18,136.75,0.0,3,0.0,True
IR_B3000_D250_F12_L4_T_15_seed_1,1,False,False,250,3000,15,12,12,4,0.7,7069.73,5233.79,1835.95,49572.66,7.99,0.0,2,0.0,True
IR_B3000_D250_F12_L4_T_15_seed_2,2,False,False,250,3000,15,12,12,4,0.7,13355.24,11983.25,1371.99,44934.6,343.74,0.0,3,0.0,True
IR_B3000_D250_F12_L4_T_15_seed_3,3,False,False,250,3000,15,12,12,4,0.7,12419.45,10943.17,1476.29,44765.37,137.3,0.0,2,0.0,True
IR_B3000_D250_F12_L4_T_15_seed_4,4,False,False,250,3000,15,12,12,4,0.7,28077.08,26698.72,1378.36,41924.3,112.72,0.0,3,0.0,True
IR_B5000_D416_F12_L4_T_15_seed_0,0,False,False,416,5000,15,12,12,4,0.7,38608.21,35741.96,2866.25,71127.81,228.04,0.0,4,0.0,True
IR_B5000_D416_F12_L4_T_15_seed_1,1,False,False,416,5000,15,12,12,4,0.7,3789.17,969.26,2819.91,83137.41,146.59,0.0,2,0.0,True
IR_B5000_D416_F12_L4_T_15_seed_2,2,False,False,416,5000,15,12,12,4,0.7,6952.29,4179.77,2772.52,75614.58,556.3,0.0,3,0.0,True
IR_B5000_D416_F12_L4_T_15_seed_3,3,False,False,416,5000,15,12,12,4,0.7,112344.86,109474.5,2870.36,71196.14,517.04,0.0,3,0.0,True
IR_B5000_D416_F12_L4_T_15_seed_4,4,False,False,416,5000,15,12,12,4,0.7,42198.22,39620.87,2577.35,70600.2,239.27,0.0,6,0.0,True
IR_B7000_D583_F12_L4_T_15_seed_0,0,False,False,583,7000,15,12,12,4,0.7,53630.0,47862.58,5767.42,99038.3,93.97,0.0,2,0.0,True
IR_B7000_D583_F12_L4_T_15_seed_1,1,False,False,583,7000,15,12,12,4,0.7,35959.88,30936.86,5023.02,115051.49,0.0,0.0,1,0.0,True
IR_B7000_D583_F12_L4_T_15_seed_2,2,False,False,583,7000,15,12,12,4,0.7,31062.73,27113.23,3949.49,107417.02,0.0,0.0,1,0.0,True
IR_B7000_D583_F12_L4_T_15_seed_3,3,False,False,583,7000,15,12,12,4,0.7,7732.74,4310.6,3422.14,109584.33,0.0,0.0,1,0.0,True
IR_B7000_D583_F12_L4_T_15_seed_4,4,False,False,583,7000,15,12,12,4,0.7,6522.0,2499.85,4022.15,102940.47,0.0,0.0,1,0.0,True
IR_B10000_D833_F12_L4_T_15_seed_0,0,False,False,833,10000,15,12,12,4,0.7,27289.8,20545.25,6744.55,142462.63,402.05,0.0,5,0.0,True
IR_B10000_D833_F12_L4_T_15_seed_1,1,False,False,833,10000,15,12,12,4,0.7,219276.61,209307.49,9969.11,157532.85,0.0,0.0,1,0.0,True
IR_B10000_D833_F12_L4_T_15_seed_2,2,False,False,833,10000,15,12,12,4,0.7,50036.32,44888.93,5147.39,150355.5,400.87,0.0,3,0.0,True
IR_B10000_D833_F12_L4_T_15_seed_3,3,False,False,833,10000,15,12,12,4,0.7,27420.94,22636.18,4784.76,149274.91,31.41,0.0,2,0.0,True
IR_B10000_D833_F12_L4_T_15_seed_4,4,False,False,833,10000,15,12,12,4,0.7,42612.32,37671.14,4941.18,143273.25,381.34,0.0,7,0.0,True
IR_B3000_D250_F12_L8_T_15_seed_0,0,False,False,250,3000,15,12,12,8,0.7,42867.97,41472.46,1395.52,50230.92,403.08,0.22,2,0.0,True
IR_B3000_D250_F12_L8_T_15_seed_1,1,False,False,250,3000,15,12,12,8,0.7,4214.5,2439.79,1774.71,48320.95,479.68,0.0,4,0.0,True
IR_B3000_D250_F12_L8_T_15_seed_2,2,False,False,250,3000,15,12,12,8,0.7,9077.62,7483.13,1594.5,39039.01,0.0,0.02,1,0.0,True
IR_B3000_D250_F12_L8_T_15_seed_3,3,False,False,250,3000,15,12,12,8,0.7,8696.95,6759.23,1937.72,43764.44,0.0,0.08,1,0.0,True
IR_B3000_D250_F12_L8_T_15_seed_4,4,False,False,250,3000,15,12,12,8,0.7,96985.33,95467.42,1517.91,39068.19,403.19,0.04,2,0.0,True
IR_B5000_D416_F12_L8_T_15_seed_0,0,False,False,416,5000,15,12,12,8,0.7,15781.52,12260.38,3521.13,73858.91,0.0,0.0,1,0.0,True
IR_B5000_D416_F12_L8_T_15_seed_1,1,False,False,416,5000,15,12,12,8,0.7,41679.35,39278.55,2400.8,74943.44,0.0,0.21,1,0.0,True
IR_B5000_D416_F12_L8_T_15_seed_2,2,False,False,416,5000,15,12,12,8,0.7,99966.41,97908.16,2058.25,61963.4,0.0,0.18,1,0.0,True
IR_B5000_D416_F12_L8_T_15_seed_3,3,False,False,416,5000,15,12,12,8,0.7,170818.6,167722.14,3096.46,64864.38,303.25,0.01,2,0.0,True
IR_B5000_D416_F12_L8_T_15_seed_4,4,False,False,416,5000,15,12,12,8,0.7,47706.79,44245.95,3460.85,67763.32,385.22,0.11,2,0.0,True
IR_B7000_D583_F12_L8_T_15_seed_0,0,False,False,583,7000,15,12,12,8,0.7,109598.81,105480.05,4118.76,99440.77,403.18,0.11,2,0.0,True
IR_B7000_D583_F12_L8_T_15_seed_1,1,False,False,583,7000,15,12,12,8,0.7,127654.31,124157.89,3496.42,98916.22,2.71,0.0,2,0.0,True
IR_B7000_D583_F12_L8_T_15_seed_2,2,False,False,583,7000,15,12,12,8,0.7,217032.97,214401.18,2631.79,85315.41,0.0,0.15,1,0.0,True
IR_B7000_D583_F12_L8_T_15_seed_3,3,False,False,583,7000,15,12,12,8,0.7,18036.83,15916.11,2120.72,101823.41,391.44,0.02,2,0.0,True
IR_B7000_D583_F12_L8_T_15_seed_4,4,False,False,583,7000,15,12,12,8,0.7,124710.02,121224.49,3485.53,93149.57,0.0,0.19,1,0.0,True
IR_B10000_D833_F12_L8_T_15_seed_0,0,False,False,833,10000,15,12,12,8,0.7,47895.17,42048.67,5846.5,144799.33,0.0,0.13,1,0.0,True
IR_B10000_D833_F12_L8_T_15_seed_1,1,False,False,833,10000,15,12,12,8,0.7,118484.6,112000.48,6484.12,145854.57,312.57,0.06,3,0.0,True
IR_B10000_D833_F12_L8_T_15_seed_2,2,False,False,833,10000,15,12,12,8,0.7,7690.05,3575.21,4114.85,132089.13,0.0,0.0,1,0.0,True
IR_B10000_D833_F12_L8_T_15_seed_3,3,False,False,833,10000,15,12,12,8,0.7,13087.19,7017.92,6069.27,147479.93,303.24,0.02,2,0.0,True
IR_B10000_D833_F12_L8_T_15_seed_4,4,False,False,833,10000,15,12,12,8,0.7,42301.62,37992.22,4309.41,160529.83,304.63,0.22,2,0.0,True
IR_B3000_D250_F12_L12_T_15_seed_0,0,False,False,250,3000,15,12,12,12,0.7,16153.77,14804.67,1349.1,51783.37,407.11,0.35,3,0.0,True
IR_B3000_D250_F12_L12_T_15_seed_1,1,False,False,250,3000,15,12,12,12,0.7,117763.67,116613.78,1149.89,37807.34,0.0,0.05,1,0.0,True
IR_B3000_D250_F12_L12_T_15_seed_2,2,False,False,250,3000,15,12,12,12,0.7,94961.9,93347.69,1614.21,37847.45,0.0,0.01,1,0.0,True
IR_B3000_D250_F12_L12_T_15_seed_3,3,False,False,250,3000,15,12,12,12,0.7,27941.84,26631.3,1310.54,42293.39,0.0,0.19,1,0.0,True
IR_B3000_D250_F12_L12_T_15_seed_4,4,False,False,250,3000,15,12,12,12,0.7,183440.32,181132.08,2308.24,39655.67,0.0,0.0,1,0.0,True
IR_B5000_D416_F12_L12_T_15_seed_0,0,False,False,416,5000,15,12,12,12,0.7,102693.32,100358.61,2334.71,66254.45,0.0,0.1,1,0.0,True
IR_B5000_D416_F12_L12_T_15_seed_1,1,False,False,416,5000,15,12,12,12,0.7,12551.99,9600.47,2951.52,70566.84,403.84,0.27,2,0.0,True
IR_B5000_D416_F12_L12_T_15_seed_2,2,False,False,416,5000,15,12,12,12,0.7,100295.1,97156.55,3138.55,68822.07,403.78,0.08,2,0.0,True
IR_B5000_D416_F12_L12_T_15_seed_3,3,False,False,416,5000,15,12,12,12,0.7,89141.76,86570.42,2571.34,65316.75,403.7,0.34,2,0.0,True
IR_B5000_D416_F12_L12_T_15_seed_4,4,False,False,416,5000,15,12,12,12,0.7,30883.46,28635.86,2247.61,86700.3,0.0,0.34,1,0.0,True
IR_B7000_D583_F12_L12_T_15_seed_0,0,False,False,583,7000,15,12,12,12,0.7,219920.17,216838.61,3081.57,92340.67,307.32,0.09,3,0.0,True
IR_B7000_D583_F12_L12_T_15_seed_1,1,False,False,583,7000,15,12,12,12,0.7,76135.89,73318.35,2817.54,100675.98,0.0,0.25,1,0.0,True
IR_B7000_D583_F12_L12_T_15_seed_2,2,False,False,583,7000,15,12,12,12,0.7,57782.11,52697.27,5084.85,119538.08,0.0,0.31,1,0.0,True
IR_B7000_D583_F12_L12_T_15_seed_3,3,False,False,583,7000,15,12,12,12,0.7,12503.86,8516.9,3986.96,99647.55,0.0,0.0,1,0.0,True
IR_B7000_D583_F12_L12_T_15_seed_4,4,False,False,583,7000,15,12,12,12,0.7,22898.31,18414.61,4483.7,107452.56,203.47,0.02,2,0.0,True
IR_B10000_D833_F12_L12_T_15_seed_0,0,False,False,833,10000,15,12,12,12,0.7,261393.64,256574.36,4819.29,132706.93,403.94,0.19,2,0.0,True
IR_B10000_D833_F12_L12_T_15_seed_1,1,False,False,833,10000,15,12,12,12,0.7,355660.11,350849.05,4811.06,125676.18,0.0,0.06,1,0.0,True
IR_B10000_D833_F12_L12_T_15_seed_2,2,False,False,833,10000,15,12,12,12,0.7,277310.76,271537.05,5773.71,127165.71,0.0,0.06,1,0.0,True
IR_B10000_D833_F12_L12_T_15_seed_3,3,False,False,833,10000,15,12,12,12,0.7,60378.73,56381.42,3997.31,136708.84,412.13,0.18,3,0.0,True
IR_B10000_D833_F12_L12_T_15_seed_4,4,False,False,833,10000,15,12,12,12,0.7,25549.91,19134.99,6414.92,151462.38,137.82,0.24,2,0.0,True
